"sku","filename","type","name","set","price","date_added_to_ebay","notes"
"CHELLA-GRADED-IMG625","img625.jpg","graded","Smeargle #073/063 - TAG 10","Incandescent Arcana","45","2026-05-21 15:01:25","Auto-tracked when export CSV was generated (NEW_ONLY)"
"CHELLA-GRADED-IMG635","img635.jpg","graded","Eevee ex #126/187 - CGC 10","Terastal Festival","25","2026-05-21 15:01:25","Auto-tracked when export CSV was generated (NEW_ONLY)"
"CHELLA-GRADED-IMG636","img636.jpg","graded","Mamoswine ex #079/159 - CGC 10","Journey Together","15","2026-05-21 15:01:25","Auto-tracked when export CSV was generated (NEW_ONLY)"
"CHELLA-SINGLE-SINGLES-0619","singles_0619.jpg","single","Mega Venusaur ex #087/063 - Korean - Near Mint","Mega Brave","50","2026-05-21 15:01:25","Auto-tracked when export CSV was generated (NEW_ONLY)"
"CHELLA-SINGLE-SINGLES-0641","singles_0641.jpg","single","Wellspring Mask Ogerpon ex #127/101 - Near Mint","Mask of Change","18","2026-05-21 15:01:25","Auto-tracked when export CSV was generated (NEW_ONLY)"
"CHELLA-SINGLE-SINGLES-0643","singles_0643.jpg","single","Vaporeon V #075/069 - Chinese - Near Mint","Eevee Heroes","40","2026-05-21 15:01:25","Auto-tracked when export CSV was generated (NEW_ONLY)"
"CHELLA-SINGLE-SINGLES-0645","singles_0645.jpg","single","Vaporeon V #138/132 - Chinese - Near Mint","Eevee Heroes","12","2026-05-21 15:01:25","Auto-tracked when export CSV was generated (NEW_ONLY)"
"CHELLA-SINGLE-SINGLES-0647","singles_0647.jpg","single","Jolteon V #143/132 - Chinese - Near Mint","Eevee Heroes","10","2026-05-21 15:01:25","Auto-tracked when export CSV was generated (NEW_ONLY)"
"CHELLA-SINGLE-SINGLES-0649","singles_0649.jpg","single","Leafeon V #070/069 - Chinese - Near Mint","Eevee Heroes","10","2026-05-21 15:01:25","Auto-tracked when export CSV was generated (NEW_ONLY)"
"CHELLA-SINGLE-SINGLES-0659","singles_0659.jpg","single","Mega Hawlucha ex #229/193 - Near Mint","Mega Dream","6","2026-05-21 15:01:25","Auto-tracked when export CSV was generated (NEW_ONLY)"
"CHELLA-SINGLE-SINGLES-0663","singles_0663.jpg","single","Mega Starmie ex #095/080 - Korean - Near Mint","Mega Dream","5","2026-05-21 15:01:25","Auto-tracked when export CSV was generated (NEW_ONLY)"
"CHELLA-SINGLE-SINGLES-0669","singles_0669.jpg","single","Mega Latios ex #079/063 - Near Mint","Mega Symphonia","5","2026-05-21 15:01:25","Auto-tracked when export CSV was generated (NEW_ONLY)"
"CHELLA-SINGLE-SINGLES-0671","singles_0671.jpg","single","Mega Dragalge ex #102/083 - Near Mint","Ninja Spinner","5","2026-05-21 15:01:25","Auto-tracked when export CSV was generated (NEW_ONLY)"
"CHELLA-SINGLE-SINGLES-0673","singles_0673.jpg","single","Mega Kangaskhan ex #080/063 - Korean - Near Mint","Mega Symphonia","3","2026-05-21 15:01:25","Auto-tracked when export CSV was generated (NEW_ONLY)"
"CHELLA-SINGLE-SINGLES-0677","singles_0677.jpg","single","Naganadel & Guzzlord-GX #158 - Near Mint","Cosmic Eclipse","11","2026-05-21 15:01:25","Auto-tracked when export CSV was generated (NEW_ONLY)"
"CHELLA-SINGLE-SINGLES-0679","singles_0679.jpg","single","Buzzwole & Pheromosa GX #001/173 - Near Mint","Tag Team GX","4","2026-05-21 15:01:25","Auto-tracked when export CSV was generated (NEW_ONLY)"
"CHELLA-SINGLE-SINGLES-0683","singles_0683.jpg","single","Pikachu #051/162 - Near Mint","Pokemon Day Promo","10","2026-05-21 15:01:25","Auto-tracked when export CSV was generated (NEW_ONLY)"
"CHELLA-SINGLE-SINGLES-0685","singles_0685.jpg","single","Eevee #074/131 - Near Mint","Pokemon Day Promo","5","2026-05-21 15:01:25","Auto-tracked when export CSV was generated (NEW_ONLY)"
"CHELLA-SINGLE-SINGLES-0693","singles_0693.jpg","single","Radiant Eevee #SWSH230 - Near Mint","SWSH Black Star Promos","22","2026-05-21 15:01:25","Auto-tracked when export CSV was generated (NEW_ONLY)"
"CHELLA-SINGLE-SINGLES-0697","singles_0697.jpg","single","Radiant Greninja #46 - Near Mint","Astral Radiance","4","2026-05-21 15:01:25","Auto-tracked when export CSV was generated (NEW_ONLY)"
"CHELLA-SINGLE-SINGLES-0699","singles_0699.jpg","single","Radiant Venusaur #4 - Near Mint","Pokémon GO","11","2026-05-21 15:01:25","Auto-tracked when export CSV was generated (NEW_ONLY)"
"CHELLA-SINGLE-SINGLES-0701","singles_0701.jpg","single","Radiant Steelix #124 - Near Mint","Lost Origin","2","2026-05-21 15:01:25","Auto-tracked when export CSV was generated (NEW_ONLY)"
"CHELLA-SINGLE-SINGLES-0709","singles_0709.jpg","single","Thundurus #209 - Near Mint","Scarlet & Violet Promos","3","2026-05-21 15:01:25","Auto-tracked when export CSV was generated (NEW_ONLY)"
"CHELLA-SINGLE-SINGLES-0711","singles_0711.jpg","single","Thundurus #209 - Near Mint","Scarlet & Violet Promos","3","2026-05-21 15:01:25","Auto-tracked when export CSV was generated (NEW_ONLY)"
"CHELLA-SINGLE-SINGLES-0713","singles_0713.jpg","single","Thundurus #209 - Near Mint","Scarlet & Violet Promos","3","2026-05-21 15:01:25","Auto-tracked when export CSV was generated (NEW_ONLY)"
"CHELLA-SINGLE-SINGLES-0715","singles_0715.jpg","single","Tornadus #210 - Near Mint","Scarlet & Violet Promos","2","2026-05-21 15:01:25","Auto-tracked when export CSV was generated (NEW_ONLY)"
"CHELLA-SINGLE-SINGLES-0717","singles_0717.jpg","single","Team Rocket's Murkrow #200 - Near Mint","Destined Rivals","10","2026-05-21 15:01:25","Auto-tracked when export CSV was generated (NEW_ONLY)"
"CHELLA-SINGLE-SINGLES-0725","singles_0725.jpg","single","Hydrapple #188 - Near Mint","Destined Rivals","4","2026-05-21 15:01:25","Auto-tracked when export CSV was generated (NEW_ONLY)"
"CHELLA-SINGLE-SINGLES-0731","singles_0731.jpg","single","Team Rocket's Orbeetle #198 - Near Mint","Destined Rivals","5","2026-05-21 15:01:25","Auto-tracked when export CSV was generated (NEW_ONLY)"
"CHELLA-SINGLE-SINGLES-0737","singles_0737.jpg","single","Toxtricity #103 - Near Mint","Phantasmal Flames","2","2026-05-21 15:01:25","Auto-tracked when export CSV was generated (NEW_ONLY)"
"CHELLA-SINGLE-SINGLES-0741","singles_0741.jpg","single","Gothitelle #211 - Near Mint","Scarlet & Violet Promos","6","2026-05-21 15:01:25","Auto-tracked when export CSV was generated (NEW_ONLY)"
"CHELLA-SINGLE-SINGLES-0751","singles_0751.jpg","single","Milcery #152 - Near Mint","Stellar Crown","17","2026-05-21 15:01:25","Auto-tracked when export CSV was generated (NEW_ONLY)"
"CHELLA-SINGLE-SINGLES-0759","singles_0759.jpg","single","Pawmi #226 - Near Mint","Paldean Fates","3","2026-05-21 15:01:25","Auto-tracked when export CSV was generated (NEW_ONLY)"
"CHELLA-SINGLE-SINGLES-0769","singles_0769.jpg","single","Parasect #TG01 - Near Mint","Lost Origin Trainer Gallery","4","2026-05-21 15:01:25","Auto-tracked when export CSV was generated (NEW_ONLY)"
"CHELLA-SINGLE-SINGLES-0869","singles_0869.jpg","single","Mr. Mime #179/165 - Near Mint","151","3","2026-05-21 15:01:25","Auto-tracked when export CSV was generated (NEW_ONLY)"
"CHELLA-SINGLE-SINGLES-0931","singles_0931.jpg","single","Gyarados #6 - Lightly Played","Base","25","2026-05-21 15:01:25","Auto-tracked when export CSV was generated (NEW_ONLY)"
"CHELLA-SINGLE-SINGLES-0933","singles_0933.jpg","single","Gyarados #6 - Lightly Played","Base","25","2026-05-21 15:01:25","Auto-tracked when export CSV was generated (NEW_ONLY)"
"CHELLA-SINGLE-SINGLES-0937","singles_0937.jpg","single","Magneton #10 - Unlimited Holofoil - Damaged","Neo Revelation","10","2026-05-21 15:01:25","Auto-tracked when export CSV was generated (NEW_ONLY)"
"CHELLA-SINGLE-SINGLES-0943","singles_0943.jpg","single","Dark Dugtrio No. #051 - Moderately Played","Team Rocket","10","2026-05-21 15:01:25","Auto-tracked when export CSV was generated (NEW_ONLY)"
"CHELLA-SINGLE-SINGLES-0953","singles_0953.jpg","single","Weezing #45 - Unlimited - Near Mint","Fossil","2","2026-05-21 15:01:25","Auto-tracked when export CSV was generated (NEW_ONLY)"
"CHELLA-SINGLE-SINGLES-0959","singles_0959.jpg","single","Blastoise V #SWSH101 - Near Mint","SWSH Black Star Promos","10","2026-05-21 15:01:25","Auto-tracked when export CSV was generated (NEW_ONLY)"
"CHELLA-SINGLE-SINGLES-0965","singles_0965.jpg","single","Rayquaza V #100 - Near Mint","Crown Zenith","2","2026-05-21 15:01:25","Auto-tracked when export CSV was generated (NEW_ONLY)"
"CHELLA-SINGLE-SINGLES-0967","singles_0967.jpg","single","Centiskorch V #TG14 - Near Mint","Lost Origin Trainer Gallery","5","2026-05-21 15:01:25","Auto-tracked when export CSV was generated (NEW_ONLY)"
"CHELLA-SINGLE-SINGLES-0989","singles_0989.jpg","single","Mewtwo V #030/071 - Near Mint","Pokemon GO","3","2026-05-21 15:01:25","Auto-tracked when export CSV was generated (NEW_ONLY)"
"CHELLA-SINGLE-SINGLES-0991","singles_0991.jpg","single","Mew VMAX #054/172 - Near Mint","VSTAR Universe","6","2026-05-21 15:01:25","Auto-tracked when export CSV was generated (NEW_ONLY)"
"CHELLA-SINGLE-SINGLES-1001","singles_1001.jpg","single","Duraludon VMAX #TG30 - Near Mint","Silver Tempest Trainer Gallery","4","2026-05-21 15:01:25","Auto-tracked when export CSV was generated (NEW_ONLY)"
"CHELLA-SINGLE-SINGLES-1005","singles_1005.jpg","single","Dragonite VSTAR ##050/071 - Near Mint","Pokemon GO","2","2026-05-21 15:01:25","Auto-tracked when export CSV was generated (NEW_ONLY)"
"CHELLA-SINGLE-SINGLES-1009","singles_1009.jpg","single","Dragonite V #49 - Near Mint","Pokémon GO","5","2026-05-21 15:01:25","Auto-tracked when export CSV was generated (NEW_ONLY)"
"CHELLA-SINGLE-SINGLES-1011","singles_1011.jpg","single","Dragonite V #49 - Near Mint","Pokémon GO","5","2026-05-21 15:01:25","Auto-tracked when export CSV was generated (NEW_ONLY)"
"CHELLA-SINGLE-SINGLES-1013","singles_1013.jpg","single","Dragonite V #042/067 - Near Mint","Sky Stream","3","2026-05-21 15:01:25","Auto-tracked when export CSV was generated (NEW_ONLY)"
"CHELLA-SINGLE-SINGLES-1015","singles_1015.jpg","single","Duraludon VMAX #123 - Near Mint","Evolving Skies","2","2026-05-21 15:01:25","Auto-tracked when export CSV was generated (NEW_ONLY)"
"CHELLA-SINGLE-SINGLES-1017","singles_1017.jpg","single","Ice Rider Calyrex VMAX #46 - Near Mint","Chilling Reign","2","2026-05-21 15:01:25","Auto-tracked when export CSV was generated (NEW_ONLY)"
"CHELLA-SINGLE-SINGLES-1019","singles_1019.jpg","single","Shadow Rider Calyrex VMAX #75 - Near Mint","Chilling Reign","2","2026-05-21 15:01:25","Auto-tracked when export CSV was generated (NEW_ONLY)"
"CHELLA-SINGLE-SINGLES-1021","singles_1021.jpg","single","Rayquaza VMAX #108/172 - Near Mint","VSTAR Universe","3","2026-05-21 15:01:25","Auto-tracked when export CSV was generated (NEW_ONLY)"
"CHELLA-SINGLE-SINGLES-1025","singles_1025.jpg","single","Cramorant V #SWSH086 - Near Mint","SWSH Black Star Promos","1","2026-05-21 15:01:25","Auto-tracked when export CSV was generated (NEW_ONLY)"
"CHELLA-SINGLE-SINGLES-1027","singles_1027.jpg","single","Indeedee V ##316/190 - Near Mint","Shiny Star V","2","2026-05-21 15:01:25","Auto-tracked when export CSV was generated (NEW_ONLY)"
"CHELLA-SINGLE-SINGLES-1029","singles_1029.jpg","single","Hisuian Typhlosion VSTAR #54 - Near Mint","Astral Radiance","2","2026-05-21 15:01:25","Auto-tracked when export CSV was generated (NEW_ONLY)"
"CHELLA-SINGLE-SINGLES-1057","singles_1057.jpg","single","Morpeko V-UNION #SWSH287 - Near Mint","SWSH Black Star Promos","1","2026-05-21 15:01:25","Auto-tracked when export CSV was generated (NEW_ONLY)"
"CHELLA-SINGLE-SINGLES-1059","singles_1059.jpg","single","Morpeko V-UNION #SWSH288 - Near Mint","SWSH Black Star Promos","2","2026-05-21 15:01:25","Auto-tracked when export CSV was generated (NEW_ONLY)"
"CHELLA-SINGLE-SINGLES-1063","singles_1063.jpg","single","Morpeko V-UNION #SWSH290 - Near Mint","SWSH Black Star Promos","3","2026-05-21 15:01:25","Auto-tracked when export CSV was generated (NEW_ONLY)"
"CHELLA-SINGLE-SINGLES-1067","singles_1067.jpg","single","Latias ex #220 - Near Mint","Surging Sparks","7","2026-05-21 15:01:25","Auto-tracked when export CSV was generated (NEW_ONLY)"
"CHELLA-SINGLE-SINGLES-1069","singles_1069.jpg","single","Aerodactyl V #179 - Near Mint","Lost Origin","3","2026-05-21 15:01:25","Auto-tracked when export CSV was generated (NEW_ONLY)"
"CHELLA-SINGLE-SINGLES-1071","singles_1071.jpg","single","Luxray ex #195 - Near Mint","Twilight Masquerade","3","2026-05-21 15:01:25","Auto-tracked when export CSV was generated (NEW_ONLY)"
"CHELLA-SINGLE-SINGLES-1073","singles_1073.jpg","single","Black Kyurem ex #218 - Near Mint","Surging Sparks","3","2026-05-21 15:01:25","Auto-tracked when export CSV was generated (NEW_ONLY)"
"CHELLA-SINGLE-SINGLES-1075","singles_1075.jpg","single","Bloodmoon Ursaluna ex #202 - Near Mint","Twilight Masquerade","3","2026-05-21 15:01:25","Auto-tracked when export CSV was generated (NEW_ONLY)"
"CHELLA-SINGLE-SINGLES-1079","singles_1079.jpg","single","Kyurem ex #157 - Near Mint","Black Bolt","2","2026-05-21 15:01:25","Auto-tracked when export CSV was generated (NEW_ONLY)"
"CHELLA-SINGLE-SINGLES-1081","singles_1081.jpg","single","Unown V #176 - Near Mint","Silver Tempest","3","2026-05-21 15:01:25","Auto-tracked when export CSV was generated (NEW_ONLY)"
"CHELLA-SINGLE-SINGLES-1083","singles_1083.jpg","single","Armarouge ex #125 - Near Mint","Scarlet & Violet Black Star Promos","1","2026-05-21 15:01:25","Auto-tracked when export CSV was generated (NEW_ONLY)"
"CHELLA-SINGLE-SINGLES-1087","singles_1087.jpg","single","Yveltal ex #098/080 - Chinese - Near Mint","Nihil Zero","6","2026-05-21 15:01:25","Auto-tracked when export CSV was generated (NEW_ONLY)"
"CHELLA-SINGLE-SINGLES-1089","singles_1089.jpg","single","Mismagius ex #097/080 - Chinese - Near Mint","Inferno X","2","2026-05-21 15:01:25","Auto-tracked when export CSV was generated (NEW_ONLY)"
"CHELLA-SINGLE-SINGLES-1091","singles_1091.jpg","single","Gourgeist ex #100/083 - Chinese - Near Mint","Ninja Spinner","3","2026-05-21 15:01:25","Auto-tracked when export CSV was generated (NEW_ONLY)"
"CHELLA-SINGLE-SINGLES-1101","singles_1101.jpg","single","Gyarados-GX #18 - Near Mint","Crimson Invasion","25","2026-05-21 15:01:25","Auto-tracked when export CSV was generated (NEW_ONLY)"
"CHELLA-SINGLE-SINGLES-1109","singles_1109.jpg","single","Cornerstone Mask Ogerpon ex #216/187 - Near Mint","Terastal Festival","5","2026-05-21 15:01:25","Auto-tracked when export CSV was generated (NEW_ONLY)"
"CHELLA-SINGLE-SINGLES-1111","singles_1111.jpg","single","Tealmask Ogerpon ex #114/101 - Near Mint","Mask of Change","4","2026-05-21 15:01:25","Auto-tracked when export CSV was generated (NEW_ONLY)"
"CHELLA-SINGLE-SINGLES-1113","singles_1113.jpg","single","Alolan Exeggutor ex #225 - Near Mint","Surging Sparks","3","2026-05-21 15:01:25","Auto-tracked when export CSV was generated (NEW_ONLY)"
"CHELLA-SINGLE-SINGLES-1115","singles_1115.jpg","single","Terapagos ex #165 - Near Mint","Scarlet & Violet Black Star Promos","4","2026-05-21 15:01:25","Auto-tracked when export CSV was generated (NEW_ONLY)"
"CHELLA-SINGLE-SINGLES-1125","singles_1125.jpg","single","Mega Gengar ex #56 - Near Mint","Phantasmal Flames","3","2026-05-21 15:01:25","Auto-tracked when export CSV was generated (NEW_ONLY)"
"CHELLA-SINGLE-SINGLES-1127","singles_1127.jpg","single","Mega Gengar ex #56 - Near Mint","Phantasmal Flames","3","2026-05-21 15:01:25","Auto-tracked when export CSV was generated (NEW_ONLY)"
"CHELLA-SINGLE-SINGLES-1131","singles_1131.jpg","single","Mega Absol ex #86 - Near Mint","Mega Evolution","1","2026-05-21 15:01:25","Auto-tracked when export CSV was generated (NEW_ONLY)"
"CHELLA-SINGLE-SINGLES-1133","singles_1133.jpg","single","Fezandipiti #45 - Masterball Foil - Near Mint","Prismatic Evolutions","9","2026-05-21 15:01:25","Auto-tracked when export CSV was generated (NEW_ONLY)"
"CHELLA-SINGLE-SINGLES-1135","singles_1135.jpg","single","Duskull #035 - Masterball Foil - Near Mint","Prismatic Evolutions","3","2026-05-21 15:01:25","Auto-tracked when export CSV was generated (NEW_ONLY)"
"CHELLA-SINGLE-SINGLES-1137","singles_1137.jpg","single","Maractus #008 - Masterball Foil - Near Mint","Black Bolt","25","2026-05-21 15:01:25","Auto-tracked when export CSV was generated (NEW_ONLY)"
"CHELLA-SINGLE-SINGLES-1139","singles_1139.jpg","single","Litwick #016 - Masterball Foil - Near Mint","Black Bolt","3","2026-05-21 15:01:25","Auto-tracked when export CSV was generated (NEW_ONLY)"
"CHELLA-SINGLE-SINGLES-1141","singles_1141.jpg","single","Pansear #014 - Masterball Foil - Near Mint","Black Bolt","3","2026-05-21 15:01:25","Auto-tracked when export CSV was generated (NEW_ONLY)"
"CHELLA-SINGLE-SINGLES-1143","singles_1143.jpg","single","Okidogi ##090/187 - Masterball Foil - Near Mint","Terastal Festival","2","2026-05-21 15:01:25","Auto-tracked when export CSV was generated (NEW_ONLY)"
"CHELLA-SINGLE-SINGLES-1145","singles_1145.jpg","single","Umbreon #0609/15 - Masterball Foil - Near Mint","Gem Pack Vol. 1","2","2026-05-21 15:01:25","Auto-tracked when export CSV was generated (NEW_ONLY)"
"CHELLA-SINGLE-SINGLES-1147","singles_1147.jpg","single","Glaceon #0810/14 - Masterball Foil - Near Mint","Gem Pack Vol. 2","2","2026-05-21 15:01:25","Auto-tracked when export CSV was generated (NEW_ONLY)"
"CHELLA-SINGLE-SINGLES-1149","singles_1149.jpg","single","Gengar #0305/07 - Masterball Foil - Near Mint","Gem Pack Vol. 3","3","2026-05-21 15:01:25","Auto-tracked when export CSV was generated (NEW_ONLY)"
"CHELLA-SINGLE-SINGLES-1153","singles_1153.jpg","single","Team Rocket's Ariana #224 - Near Mint","Destined Rivals","6","2026-05-21 15:01:25","Auto-tracked when export CSV was generated (NEW_ONLY)"
"CHELLA-SINGLE-SINGLES-1157","singles_1157.jpg","single","Geeta #218 - Near Mint","Obsidian Flames","2","2026-05-21 15:01:25","Auto-tracked when export CSV was generated (NEW_ONLY)"
"CHELLA-SINGLE-SINGLES-1159","singles_1159.jpg","single","N's Plan #163 - Near Mint","Black Bolt","5","2026-05-21 15:01:25","Auto-tracked when export CSV was generated (NEW_ONLY)"
"CHELLA-SINGLE-SINGLES-1161","singles_1161.jpg","single","Briar #163 - Near Mint","Stellar Crown","2","2026-05-21 15:01:25","Auto-tracked when export CSV was generated (NEW_ONLY)"
"CHELLA-SINGLE-SINGLES-1163","singles_1163.jpg","single","Ciphermaniac's Codebreaking #198 - Near Mint","Temporal Forces","7","2026-05-21 15:01:25","Auto-tracked when export CSV was generated (NEW_ONLY)"
"CHELLA-SINGLE-SINGLES-1169","singles_1169.jpg","single","Wally's Compassion #084/063 - Near Mint","Mega Symphonia","2","2026-05-21 15:01:25","Auto-tracked when export CSV was generated (NEW_ONLY)"
"CHELLA-SINGLE-SINGLES-1171","singles_1171.jpg","single","Iris's Fighting Spirit #122/120 - Near Mint","Battle Partners","3","2026-05-21 15:01:25","Auto-tracked when export CSV was generated (NEW_ONLY)"
"CHELLA-SINGLE-SINGLES-1175","singles_1175.jpg","single","Master Ball #153 - Near Mint","Temporal Forces","2","2026-05-21 15:01:25","Auto-tracked when export CSV was generated (NEW_ONLY)"
"CHELLA-SINGLE-SINGLES-1185","singles_1185.jpg","single","Eevee #SWSH127 - Near Mint","SWSH Black Star Promos","5","2026-05-21 15:01:25","Auto-tracked when export CSV was generated (NEW_ONLY)"
"CHELLA-SINGLE-SINGLES-1187","singles_1187.jpg","single","Kirlia #SWSH271 - Near Mint","SWSH Black Star Promos","2","2026-05-21 15:01:25","Auto-tracked when export CSV was generated (NEW_ONLY)"
"CHELLA-SINGLE-SINGLES-1189","singles_1189.jpg","single","Finneon #SWSH240 - Near Mint","SWSH Black Star Promos","1","2026-05-21 15:01:25","Auto-tracked when export CSV was generated (NEW_ONLY)"
"CHELLA-SINGLE-SINGLES-1191","singles_1191.jpg","single","Luxray #137 - Near Mint","Paldean Fates","10","2026-05-21 15:01:25","Auto-tracked when export CSV was generated (NEW_ONLY)"
"CHELLA-SINGLE-SINGLES-1201","singles_1201.jpg","single","Hawlucha #175 - Near Mint","Paldean Fates","8","2026-05-21 15:01:25","Auto-tracked when export CSV was generated (NEW_ONLY)"
"CHELLA-SINGLE-SINGLES-1203","singles_1203.jpg","single","Fidough #69 - Near Mint","Scarlet & Violet Black Star Promos","1","2026-05-21 15:01:25","Auto-tracked when export CSV was generated (NEW_ONLY)"
"CHELLA-SINGLE-SINGLES-1207","singles_1207.jpg","single","Electrode #239/190 - Near Mint","Shiny Treasure","3","2026-05-21 15:01:25","Auto-tracked when export CSV was generated (NEW_ONLY)"
"CHELLA-SINGLE-SINGLES-1213","singles_1213.jpg","single","Fuecoco #0306/09 - Near Mint","Gem Pack Vol. 1","2","2026-05-21 15:01:25","Auto-tracked when export CSV was generated (NEW_ONLY)"
"CHELLA-SINGLE-SINGLES-1215","singles_1215.jpg","single","Fuecoco #0306/09 - Near Mint","Gem Pack Vol. 1","2","2026-05-21 15:01:25","Auto-tracked when export CSV was generated (NEW_ONLY)"
"CHELLA-GRADED-IMG615","img615.jpg","graded","Snorlax #143 - ARS 9","CD Promo","500","2026-05-21 15:01:25","Auto-tracked when export CSV was generated (NEW_ONLY)"
"CHELLA-GRADED-IMG617","img617.jpg","graded","Blastoise #003/032 - ARS 10","Classic Collection","175","2026-05-21 15:01:25","Auto-tracked when export CSV was generated (NEW_ONLY)"
"CHELLA-SINGLE-SINGLES-0343","singles_0343.jpg","single","Flaaffy #48 - Reverse Holo - Lightly Played","Platinum","2","2026-05-21 15:01:25","Auto-tracked when export CSV was generated (NEW_ONLY)"
"CHELLA-SINGLE-SINGLES-0345","singles_0345.jpg","single","Rapidash #47 - Reverse Holo - Heavily Played","Arceus","1","2026-05-21 15:01:25","Auto-tracked when export CSV was generated (NEW_ONLY)"
"CHELLA-SINGLE-SINGLES-0347","singles_0347.jpg","single","Infernape #5 - Reverse Holo - Heavily Played","Diamond & Pearl","2","2026-05-21 15:01:25","Auto-tracked when export CSV was generated (NEW_ONLY)"
"CHELLA-SINGLE-SINGLES-0349","singles_0349.jpg","single","Chimchar #56 - Reverse Holo - Heavily Played","Majestic Dawn","1","2026-05-21 15:01:25","Auto-tracked when export CSV was generated (NEW_ONLY)"
"CHELLA-SINGLE-SINGLES-0351","singles_0351.jpg","single","Toxicroak #36 - Reverse Holo - Moderately Played","Mysterious Treasures","2","2026-05-21 15:01:25","Auto-tracked when export CSV was generated (NEW_ONLY)"
"CHELLA-SINGLE-SINGLES-0353","singles_0353.jpg","single","Grimer #75 - Reverse Holo - Heavily Played","Platinum","1","2026-05-21 15:01:25","Auto-tracked when export CSV was generated (NEW_ONLY)"
"CHELLA-SINGLE-SINGLES-0357","singles_0357.jpg","single","Shuppet #110 - Reverse Holo - Heavily Played","Secret Wonders","1","2026-05-21 15:01:25","Auto-tracked when export CSV was generated (NEW_ONLY)"
"CHELLA-SINGLE-SINGLES-0359","singles_0359.jpg","single","Chimecho #22 - Reverse Holo - Moderately Played","Mysterious Treasures","1","2026-05-21 15:01:25","Auto-tracked when export CSV was generated (NEW_ONLY)"
"CHELLA-SINGLE-SINGLES-0361","singles_0361.jpg","single","Chimecho #22 - Reverse Holo - Moderately Played","Mysterious Treasures","1","2026-05-21 15:01:25","Auto-tracked when export CSV was generated (NEW_ONLY)"
"CHELLA-SINGLE-SINGLES-0367","singles_0367.jpg","single","Riolu #61 - Reverse Holo - Heavily Played","Diamond & Pearl","3","2026-05-21 15:01:25","Auto-tracked when export CSV was generated (NEW_ONLY)"
"CHELLA-SINGLE-SINGLES-0369","singles_0369.jpg","single","Riolu #61 - Reverse Holo - Heavily Played","Diamond & Pearl","3","2026-05-21 15:01:25","Auto-tracked when export CSV was generated (NEW_ONLY)"
"CHELLA-SINGLE-SINGLES-0373","singles_0373.jpg","single","Graveler #51 - Reverse Holo - Damaged","Mysterious Treasures","1","2026-05-21 15:01:25","Auto-tracked when export CSV was generated (NEW_ONLY)"
"CHELLA-SINGLE-SINGLES-0375","singles_0375.jpg","single","Dugtrio #24 - Reverse Holo - Damaged","Secret Wonders","1","2026-05-21 15:01:25","Auto-tracked when export CSV was generated (NEW_ONLY)"
"CHELLA-SINGLE-SINGLES-0377","singles_0377.jpg","single","Trapinch #84 - Reverse Holo - Moderately Played","Rising Rivals","2","2026-05-21 15:01:25","Auto-tracked when export CSV was generated (NEW_ONLY)"
"CHELLA-SINGLE-SINGLES-0383","singles_0383.jpg","single","Phione #12 - Reverse Holo - Damaged","Majestic Dawn","1","2026-05-21 15:01:25","Auto-tracked when export CSV was generated (NEW_ONLY)"
"CHELLA-SINGLE-SINGLES-0395","singles_0395.jpg","single","Piloswine #69 - Reverse Holo - Lightly Played","Legends Awakened","2","2026-05-21 15:01:25","Auto-tracked when export CSV was generated (NEW_ONLY)"
"CHELLA-SINGLE-SINGLES-0403","singles_0403.jpg","single","Marill #88 - Reverse Holo - Moderately Played","Diamond & Pearl","5","2026-05-21 15:01:25","Auto-tracked when export CSV was generated (NEW_ONLY)"
"CHELLA-SINGLE-SINGLES-0405","singles_0405.jpg","single","Victreebel #12 - Reverse Holo - Damaged","HS—Triumphant","2","2026-05-21 15:01:25","Auto-tracked when export CSV was generated (NEW_ONLY)"
"CHELLA-SINGLE-SINGLES-0407","singles_0407.jpg","single","Roserade #13 - Reverse Holo - Damaged","Diamond & Pearl","2","2026-05-21 15:01:25","Auto-tracked when export CSV was generated (NEW_ONLY)"
"CHELLA-SINGLE-SINGLES-0409","singles_0409.jpg","single","Beautifly #21 - Reverse Holo - Moderately Played","Platinum","2","2026-05-21 15:01:25","Auto-tracked when export CSV was generated (NEW_ONLY)"
"CHELLA-SINGLE-SINGLES-0411","singles_0411.jpg","single","Yanmega #17 - Reverse Holo - Heavily Played","Legends Awakened","1","2026-05-21 15:01:25","Auto-tracked when export CSV was generated (NEW_ONLY)"
"CHELLA-SINGLE-SINGLES-0413","singles_0413.jpg","single","Tropius #52 - Reverse Holo - Damaged","Rising Rivals","1","2026-05-21 15:01:25","Auto-tracked when export CSV was generated (NEW_ONLY)"
"CHELLA-SINGLE-SINGLES-0415","singles_0415.jpg","single","Ariados #20 - Reverse Holo - Moderately Played","Mysterious Treasures","1","2026-05-21 15:01:25","Auto-tracked when export CSV was generated (NEW_ONLY)"
"CHELLA-SINGLE-SINGLES-0417","singles_0417.jpg","single","Ariados #20 - Reverse Holo - Moderately Played","Mysterious Treasures","1","2026-05-21 15:01:25","Auto-tracked when export CSV was generated (NEW_ONLY)"
"CHELLA-SINGLE-SINGLES-0419","singles_0419.jpg","single","Carnivine #43 - Reverse Holo - Damaged","Platinum","1","2026-05-21 15:01:25","Auto-tracked when export CSV was generated (NEW_ONLY)"
"CHELLA-SINGLE-SINGLES-0421","singles_0421.jpg","single","Kricketot #109 - Reverse Holo - Damaged","Supreme Victors","1","2026-05-21 15:01:25","Auto-tracked when export CSV was generated (NEW_ONLY)"
"CHELLA-SINGLE-SINGLES-0425","singles_0425.jpg","single","Wurmple #103 - Reverse Holo - Moderately Played","Platinum","7","2026-05-21 15:01:25","Auto-tracked when export CSV was generated (NEW_ONLY)"
"CHELLA-SINGLE-SINGLES-0429","singles_0429.jpg","single","Igglybuff #44 - Reverse Holo - Moderately Played","HeartGold & SoulSilver","8","2026-05-21 15:01:25","Auto-tracked when export CSV was generated (NEW_ONLY)"
"CHELLA-SINGLE-SINGLES-0435","singles_0435.jpg","single","Magnemite #87 - Reverse Holo - Moderately Played","Diamond & Pearl","2","2026-05-21 15:01:25","Auto-tracked when export CSV was generated (NEW_ONLY)"
"CHELLA-SINGLE-SINGLES-0437","singles_0437.jpg","single","Ambipom #3 - Reverse Holo - Moderately Played","Mysterious Treasures","1","2026-05-21 15:01:25","Auto-tracked when export CSV was generated (NEW_ONLY)"
"CHELLA-SINGLE-SINGLES-0441","singles_0441.jpg","single","Buneary #73 - Reverse Holo - Moderately Played","Diamond & Pearl","2","2026-05-21 15:01:25","Auto-tracked when export CSV was generated (NEW_ONLY)"
"CHELLA-SINGLE-SINGLES-0443","singles_0443.jpg","single","Lairon #44 - Reverse Holo - Damaged","Rising Rivals","1","2026-05-21 15:01:25","Auto-tracked when export CSV was generated (NEW_ONLY)"
"CHELLA-SINGLE-SINGLES-0447","singles_0447.jpg","single","Raticate #61 - Reverse Holo - Heavily Played","Secret Wonders","1","2026-05-21 15:01:25","Auto-tracked when export CSV was generated (NEW_ONLY)"
"CHELLA-SINGLE-SINGLES-0455","singles_0455.jpg","single","Professor Oak's New Theory #83 - Reverse Holo - Lightly Played","Call of Legends","3","2026-05-21 15:01:25","Auto-tracked when export CSV was generated (NEW_ONLY)"
"CHELLA-SINGLE-SINGLES-0457","singles_0457.jpg","single","Professor Oak's New Theory #83 - Reverse Holo - Lightly Played","Call of Legends","3","2026-05-21 15:01:25","Auto-tracked when export CSV was generated (NEW_ONLY)"
"CHELLA-SINGLE-SINGLES-0459","singles_0459.jpg","single","Team Rocket's Trickery #78 - Reverse Holo - Lightly Played","HS—Undaunted","5","2026-05-21 15:01:25","Auto-tracked when export CSV was generated (NEW_ONLY)"
"CHELLA-SINGLE-SINGLES-0463","singles_0463.jpg","single","Professor Rowan #112 - Reverse Holo - Moderately Played","Diamond & Pearl","1","2026-05-21 15:01:25","Auto-tracked when export CSV was generated (NEW_ONLY)"
"CHELLA-SINGLE-SINGLES-0467","singles_0467.jpg","single","Energy Search #117 - Reverse Holo - Moderately Played","Diamond & Pearl","1","2026-05-21 15:01:25","Auto-tracked when export CSV was generated (NEW_ONLY)"
"CHELLA-SINGLE-SINGLES-0471","singles_0471.jpg","single","Mightyena #47 - Lightly Played","Topps Advanced Challenge","10","2026-05-21 15:01:25","Auto-tracked when export CSV was generated (NEW_ONLY)"
"CHELLA-SINGLE-SINGLES-0473","singles_0473.jpg","single","Camerupt #22 - Lightly Played","Topps Advanced","5","2026-05-21 15:01:25","Auto-tracked when export CSV was generated (NEW_ONLY)"
"CHELLA-SINGLE-SINGLES-0475","singles_0475.jpg","single","Whiscash #87 - Lightly Played","Topps Advanced","5","2026-05-21 15:01:25","Auto-tracked when export CSV was generated (NEW_ONLY)"
"CHELLA-SINGLE-SINGLES-0477","singles_0477.jpg","single","Kirlia #42 - Lightly Played","Topps Advanced","10","2026-05-21 15:01:25","Auto-tracked when export CSV was generated (NEW_ONLY)"
"CHELLA-SINGLE-SINGLES-0479","singles_0479.jpg","single","Volbeat #86 - Lightly Played","Topps Advanced","5","2026-05-21 15:01:25","Auto-tracked when export CSV was generated (NEW_ONLY)"
"CHELLA-SINGLE-SINGLES-0481","singles_0481.jpg","single","Shroomish #75 - Near Mint","Topps Advanced","10","2026-05-21 15:01:25","Auto-tracked when export CSV was generated (NEW_ONLY)"
"CHELLA-SINGLE-SINGLES-0483","singles_0483.jpg","single","Electrode #27 - Lightly Played","Topps Advanced Challenge","5","2026-05-21 15:01:25","Auto-tracked when export CSV was generated (NEW_ONLY)"
"CHELLA-SINGLE-SINGLES-0485","singles_0485.jpg","single","Manectric #42 - Lightly Played","Topps Advanced Challenge","10","2026-05-21 15:01:25","Auto-tracked when export CSV was generated (NEW_ONLY)"
"CHELLA-SINGLE-SINGLES-0487","singles_0487.jpg","single","Claydol #20 - Near Mint","Topps Advanced Challenge","7","2026-05-21 15:01:25","Auto-tracked when export CSV was generated (NEW_ONLY)"
"CHELLA-SINGLE-SINGLES-0489","singles_0489.jpg","single","Lombre #38 - Lightly Played","Topps Advanced Challenge","5","2026-05-21 15:01:25","Auto-tracked when export CSV was generated (NEW_ONLY)"
"CHELLA-SINGLE-SINGLES-0493","singles_0493.jpg","single","Snorunt #67 - Lightly Played","Topps Advanced Challenge","5","2026-05-21 15:01:25","Auto-tracked when export CSV was generated (NEW_ONLY)"
"CHELLA-SINGLE-SINGLES-0497","singles_0497.jpg","single","Cascoon #12 - Lightly Played","Topps Advanced Challenge","6","2026-05-21 15:01:25","Auto-tracked when export CSV was generated (NEW_ONLY)"
"CHELLA-SINGLE-SINGLES-0499","singles_0499.jpg","single","Graveler #075 - Moderately Played","Bandai Carddass","5","2026-05-21 15:01:25","Auto-tracked when export CSV was generated (NEW_ONLY)"
"CHELLA-SINGLE-SINGLES-0501","singles_0501.jpg","single","Diglett #050 - Lightly Played","Bandai Carddass","10","2026-05-21 15:01:25","Auto-tracked when export CSV was generated (NEW_ONLY)"
"CHELLA-SINGLE-SINGLES-0503","singles_0503.jpg","single","Victreebel #71 - Lightly Played","Topps","3","2026-05-21 15:01:25","Auto-tracked when export CSV was generated (NEW_ONLY)"
"CHELLA-SINGLE-SINGLES-0505","singles_0505.jpg","single","Persian #53 - Near Mint","Topps","3","2026-05-21 15:01:25","Auto-tracked when export CSV was generated (NEW_ONLY)"
"CHELLA-SINGLE-SINGLES-0507","singles_0507.jpg","single","Luxio #103/BW-P - Moderately Played","Psycho Drive Hail Blizzard","7","2026-05-21 15:01:25","Auto-tracked when export CSV was generated (NEW_ONLY)"
"CHELLA-SINGLE-SINGLES-0509","singles_0509.jpg","single","Regirock #099/PCG-P - Moderately Played","Mew Lucario Movie","4","2026-05-21 15:01:25","Auto-tracked when export CSV was generated (NEW_ONLY)"
"CHELLA-SINGLE-SINGLES-0511","singles_0511.jpg","single","Regirock #099/PCG-P - Moderately Played","Mew Lucario Movie","4","2026-05-21 15:01:25","Auto-tracked when export CSV was generated (NEW_ONLY)"
"CHELLA-SINGLE-SINGLES-0513","singles_0513.jpg","single","Regirock #072/PCG-P - Heavily Played","Meiji Promo","2","2026-05-21 15:01:25","Auto-tracked when export CSV was generated (NEW_ONLY)"
"CHELLA-SINGLE-SINGLES-0515","singles_0515.jpg","single","Regice #067/PCG-P - Lightly Played","Mystery of Mew","3","2026-05-21 15:01:25","Auto-tracked when export CSV was generated (NEW_ONLY)"
"CHELLA-SINGLE-SINGLES-0517","singles_0517.jpg","single","Regice #098/PCG-P - Moderately Played","Mew Lucario Movie","5","2026-05-21 15:01:25","Auto-tracked when export CSV was generated (NEW_ONLY)"
"CHELLA-SINGLE-SINGLES-0521","singles_0521.jpg","single","Genesect #209/BW-P - Lightly Played","EX Battle Boost","11","2026-05-21 15:01:25","Auto-tracked when export CSV was generated (NEW_ONLY)"
"CHELLA-SINGLE-SINGLES-0529","singles_0529.jpg","single","Delta Pelipper #140/PCG-P - Damaged","Meiji Promo","2","2026-05-21 15:01:25","Auto-tracked when export CSV was generated (NEW_ONLY)"
"CHELLA-SINGLE-SINGLES-0531","singles_0531.jpg","single","Sliggoo #059/080 - Near Mint","Wild Blaze","3","2026-05-21 15:01:25","Auto-tracked when export CSV was generated (NEW_ONLY)"
"CHELLA-SINGLE-SINGLES-0533","singles_0533.jpg","single","Croagunk #122/DP-P - Moderately Played","Diamond & Pearl","2","2026-05-21 15:01:25","Auto-tracked when export CSV was generated (NEW_ONLY)"
"CHELLA-SINGLE-SINGLES-0537","singles_0537.jpg","single","Raticate #020 - Unscratched - Moderately Played","Pokemon Scratch","20","2026-05-21 15:01:25","Auto-tracked when export CSV was generated (NEW_ONLY)"
"CHELLA-SINGLE-SINGLES-0543","singles_0543.jpg","single","Magneton #38 - Unlimited Holofoil - Near Mint","Evolutions","2","2026-05-21 15:01:25","Auto-tracked when export CSV was generated (NEW_ONLY)"
"CHELLA-SINGLE-SINGLES-0545","singles_0545.jpg","single","Serperior ex #159/086 - Near Mint","Black Bolt","3","2026-05-21 15:01:25","Auto-tracked when export CSV was generated (NEW_ONLY)"
"CHELLA-SINGLE-SINGLES-0549","singles_0549.jpg","single","Mamoswine ex #116/100 - Near Mint","Battle Partners","3","2026-05-21 15:01:25","Auto-tracked when export CSV was generated (NEW_ONLY)"
"CHELLA-SINGLE-SINGLES-0551","singles_0551.jpg","single","Fezandipiti #081/064 - Near Mint","Night Wanderer","3","2026-05-21 15:01:25","Auto-tracked when export CSV was generated (NEW_ONLY)"
"CHELLA-SINGLE-SINGLES-0559","singles_0559.jpg","single","Dragonite V #049/071 - Near Mint","Pokemon GO","3","2026-05-21 15:01:25","Auto-tracked when export CSV was generated (NEW_ONLY)"
"CHELLA-SINGLE-SINGLES-0561","singles_0561.jpg","single","Lugia VSTAR #080/098 - Near Mint","Paradigm Trigger","5","2026-05-21 15:01:25","Auto-tracked when export CSV was generated (NEW_ONLY)"
"CHELLA-SINGLE-SINGLES-0563","singles_0563.jpg","single","Regieleki V #319/S-P - Near Mint","SWSH Promos","3","2026-05-21 15:01:25","Auto-tracked when export CSV was generated (NEW_ONLY)"
"CHELLA-SINGLE-SINGLES-0565","singles_0565.jpg","single","Eri #197/187 - Near Mint","Terastal Festival","4","2026-05-21 15:01:25","Auto-tracked when export CSV was generated (NEW_ONLY)"
"CHELLA-SINGLE-SINGLES-0569","singles_0569.jpg","single","Archeops #327/S-P - Near Mint","SWSH Promos","6","2026-05-21 15:01:25","Auto-tracked when export CSV was generated (NEW_ONLY)"
"CHELLA-SINGLE-SINGLES-0571","singles_0571.jpg","single","Tapu Koko #109/SM-P - Near Mint","Koko Fest","3","2026-05-21 15:01:25","Auto-tracked when export CSV was generated (NEW_ONLY)"
"CHELLA-SINGLE-SINGLES-0573","singles_0573.jpg","single","Fire Energy #XY-P - Near Mint","First Promo","10","2026-05-21 15:01:25","Auto-tracked when export CSV was generated (NEW_ONLY)"
"CHELLA-SINGLE-SINGLES-0575","singles_0575.jpg","single","Toxicroak EX #036/080 - Heavily Played","Wild Blaze","1","2026-05-21 15:01:25","Auto-tracked when export CSV was generated (NEW_ONLY)"
"CHELLA-SINGLE-SINGLES-0579","singles_0579.jpg","single","Kyurem EX #006/018 - Lightly Played","Hail Blizzard","5","2026-05-21 15:01:25","Auto-tracked when export CSV was generated (NEW_ONLY)"
"CHELLA-SINGLE-SINGLES-0581","singles_0581.jpg","single","Tapu Koko VMAX #150/414 - Near Mint","Battle Styles","3","2026-05-21 15:01:25","Auto-tracked when export CSV was generated (NEW_ONLY)"
"CHELLA-SINGLE-SINGLES-0583","singles_0583.jpg","single","Tapu Koko V #149/414 - Near Mint","Single Strike Master","2","2026-05-21 15:01:25","Auto-tracked when export CSV was generated (NEW_ONLY)"
"CHELLA-SINGLE-SINGLES-0585","singles_0585.jpg","single","Goldeen #20 - Masterball Foil - Near Mint","Prismatic Evolutions","3","2026-05-21 15:01:25","Auto-tracked when export CSV was generated (NEW_ONLY)"
"CHELLA-SINGLE-SINGLES-0587","singles_0587.jpg","single","Precious Trolley #185 - Near Mint","Surging Sparks","2","2026-05-21 15:01:25","Auto-tracked when export CSV was generated (NEW_ONLY)"
"CHELLA-SINGLE-SINGLES-0589","singles_0589.jpg","single","Precious Trolley #185 - Near Mint","Surging Sparks","2","2026-05-21 15:01:25","Auto-tracked when export CSV was generated (NEW_ONLY)"
"CHELLA-SINGLE-SINGLES-0593","singles_0593.jpg","single","Precious Trolley #185 - Near Mint","Surging Sparks","2","2026-05-21 15:01:25","Auto-tracked when export CSV was generated (NEW_ONLY)"
"CHELLA-SINGLE-SINGLES-0595","singles_0595.jpg","single","Centiskorch VMAX #310/190 - Near Mint","Shiny Star V","3","2026-05-21 15:01:25","Auto-tracked when export CSV was generated (NEW_ONLY)"
"CHELLA-SINGLE-SINGLES-0597","singles_0597.jpg","single","Magcargo ex #080/066 - Near Mint","Crimson Haze","3","2026-05-21 15:01:25","Auto-tracked when export CSV was generated (NEW_ONLY)"
"CHELLA-SINGLE-SINGLES-0599","singles_0599.jpg","single","Pidgeot ex #335/190 - Near Mint","Shiny Treasure ex","3","2026-05-21 15:01:25","Auto-tracked when export CSV was generated (NEW_ONLY)"
"CHELLA-SINGLE-SINGLES-0601","singles_0601.jpg","single","Wigglytuff ex #336/190 - Near Mint","Shiny Treasure ex","5","2026-05-21 15:01:25","Auto-tracked when export CSV was generated (NEW_ONLY)"
"CHELLA-SINGLE-SINGLES-0603","singles_0603.jpg","single","Great Tusk ex #330/190 - Near Mint","Shiny Treasure ex","2","2026-05-21 15:01:25","Auto-tracked when export CSV was generated (NEW_ONLY)"
"CHELLA-SINGLE-SINGLES-0605","singles_0605.jpg","single","Boltund V #313/190 - Near Mint","Shiny Star V","3","2026-05-21 15:01:25","Auto-tracked when export CSV was generated (NEW_ONLY)"
"CHELLA-SINGLE-SINGLES-0607","singles_0607.jpg","single","Eldegoss V #306/190 - Near Mint","Shiny Star V","3","2026-05-21 15:01:25","Auto-tracked when export CSV was generated (NEW_ONLY)"
"CHELLA-SINGLE-SINGLES-0609","singles_0609.jpg","single","Eldegoss V #306/190 - Near Mint","Shiny Star V","3","2026-05-21 15:01:25","Auto-tracked when export CSV was generated (NEW_ONLY)"
"CHELLA-SINGLE-SINGLES-0611","singles_0611.jpg","single","Yveltal #117/190 - Near Mint","Shiny Star V","2","2026-05-21 15:01:25","Auto-tracked when export CSV was generated (NEW_ONLY)"
"CHELLA-SINGLE-SINGLES-0613","singles_0613.jpg","single","Kyogre #036/190 - Near Mint","Shiny Star V","2","2026-05-21 15:01:25","Auto-tracked when export CSV was generated (NEW_ONLY)"
"CHELLA-SINGLE-SINGLES-0193","singles_0193.jpg","single","Raikou #061/L-P - Lightly Played","Legend","20","2026-05-21 15:01:25","Auto-tracked when export CSV was generated (NEW_ONLY)"
"CHELLA-SINGLE-SINGLES-0245","singles_0245.jpg","single","Kabutops #9 - 1st Edition Holofoil - Heavily Played","Fossil","35","2026-05-21 15:01:25","Auto-tracked when export CSV was generated (NEW_ONLY)"
"CHELLA-SINGLE-SINGLES-0219","singles_0219.jpg","single","Azumarill #2 - Lightly Played","Neo Genesis","20","2026-05-21 15:01:25","Auto-tracked when export CSV was generated (NEW_ONLY)"
"CHELLA-SINGLE-SINGLES-0287","singles_0287.jpg","single","Hitmonchan #7 - Holofoil - Damaged","Base","6","2026-05-21 15:01:25","Auto-tracked when export CSV was generated (NEW_ONLY)"
"CHELLA-SINGLE-SINGLES-0291","singles_0291.jpg","single","Poliwrath #13 - Holofoil - Damaged","Base","7","2026-05-21 15:01:25","Auto-tracked when export CSV was generated (NEW_ONLY)"
"CHELLA-SINGLE-SINGLES-0303","singles_0303.jpg","single","Dark Gyarados #25 - Lightly Played","Team Rocket","12","2026-05-21 15:01:25","Auto-tracked when export CSV was generated (NEW_ONLY)"
"CHELLA-SINGLE-SINGLES-0317","singles_0317.jpg","single","Kangaskhan #5 - 1st Edition Holofoil - Damaged","Jungle","6","2026-05-21 15:01:25","Auto-tracked when export CSV was generated (NEW_ONLY)"
"CHELLA-SINGLE-SINGLES-0321","singles_0321.jpg","single","Erika's Vileplume No. 045 - Holofoil - Lightly Played","Gym Heroes","25","2026-05-21 15:01:25","Auto-tracked when export CSV was generated (NEW_ONLY)"
"CHELLA-SINGLE-SINGLES-0197","singles_0197.jpg","single","Alolan Exeggutor ex #089/064 - Near Mint","Paradise Dragona","20","2026-05-21 15:01:25","Auto-tracked when export CSV was generated (NEW_ONLY)"
"CHELLA-SINGLE-SINGLES-0213","singles_0213.jpg","single","Grusha #090/071 - Near Mint","Scarlet ex","10","2026-05-21 15:01:25","Auto-tracked when export CSV was generated (NEW_ONLY)"
"CHELLA-SINGLE-SINGLES-0223","singles_0223.jpg","single","Melmetal V #47 - Near Mint","Pokémon GO","1","2026-05-21 15:01:25","Auto-tracked when export CSV was generated (NEW_ONLY)"
"CHELLA-SINGLE-SINGLES-0333","singles_0333.jpg","single","Mega Diancie ex #41 - Near Mint","Phantasmal Flames","1","2026-05-21 15:01:25","Auto-tracked when export CSV was generated (NEW_ONLY)"
"CHELLA-SINGLE-SINGLES-0335","singles_0335.jpg","single","Mega Diancie ex #41 - Near Mint","Phantasmal Flames","1","2026-05-21 15:01:25","Auto-tracked when export CSV was generated (NEW_ONLY)"
"CHELLA-GRADED-IMG426","img426.jpg","graded","Dragonite #149 Holofoil - PSA 9","Fossil Set","750","2026-05-21 15:01:25","Auto-tracked when export CSV was generated (NEW_ONLY)"
"CHELLA-GRADED-IMG439","img439.jpg","graded","Tohoku's Pikachu #260/SV-P - PSA 10","Special Box PC","525","2026-05-21 15:01:25","Auto-tracked when export CSV was generated (NEW_ONLY)"
"CHELLA-GRADED-IMG604","img604.jpg","graded","Delta Latios #12 Mitsuhiro Arita - PSA AUTO 10","Holon Phantoms","1500","2026-05-21 15:01:25","Auto-tracked when export CSV was generated (NEW_ONLY)"
"CHELLA-GRADED-IMG457","img457.jpg","graded","Gyarados #6/102 Square Cut - BGS 9","Base","1000","2026-05-21 15:01:25","Auto-tracked when export CSV was generated (NEW_ONLY)"
"CHELLA-GRADED-IMG600","img600.jpg","graded","Tyranitar V #077/070 - CGC Perfect 10","Single Strike Master","500","2026-05-21 15:01:25","Auto-tracked when export CSV was generated (NEW_ONLY)"
"CHELLA-GRADED-IMG601","img601.jpg","graded","Charizard VSTAR #118/100 - CGC Perfect 10","Star Birth","750","2026-05-21 15:01:25","Auto-tracked when export CSV was generated (NEW_ONLY)"
"CHELLA-GRADED-IMG602","img602.jpg","graded","Koraidon ex #103/078 - CGC Perfect 10","Scarlet ex","400","2026-05-21 15:01:25","Auto-tracked when export CSV was generated (NEW_ONLY)"
"CHELLA-GRADED-IMG476","img476.jpg","graded","Blastoise #09 - CGC Perfect 10","Topps Chrome","2000","2026-05-21 15:01:25","Auto-tracked when export CSV was generated (NEW_ONLY)"
"CHELLA-GRADED-IMG478","img478.jpg","graded","Umbreon 068/092 Holofoil - CGC 8.5","The Town on No Map","1750","2026-05-21 15:01:25","Auto-tracked when export CSV was generated (NEW_ONLY)"
"CHELLA-GRADED-IMG516","img516.jpg","graded","Victini 265/SV-P - PSA 9","BWR Event Prize","500","2026-05-21 15:01:25","Auto-tracked when export CSV was generated (NEW_ONLY)"
"CHELLA-GRADED-IMG452","img452.jpg","graded","Nachtara #32/144 - PSA 9","Skyridge","450","2026-05-21 15:01:25","Auto-tracked when export CSV was generated (NEW_ONLY)"
"CHELLA-GRADED-IMG444","img444.jpg","graded","M Rayquaza EX #76/108 - PSA 6","Roaring Skies","100","2026-05-21 15:01:25","Auto-tracked when export CSV was generated (NEW_ONLY)"
"CHELLA-GRADED-IMG453","img453.jpg","graded","Guzma #056/051 - PSA 9","Darkness That Consumes Light","80","2026-05-21 15:01:25","Auto-tracked when export CSV was generated (NEW_ONLY)"
"CHELLA-GRADED-IMG462","img462.jpg","graded","Ampharos #1/127 - BGS 8","Platinum","70","2026-05-21 15:01:25","Auto-tracked when export CSV was generated (NEW_ONLY)"
"CHELLA-GRADED-IMG464","img464.jpg","graded","Yveltal #018/032 - BGS 9.5","Pokeyun Collection","50","2026-05-21 15:01:25","Auto-tracked when export CSV was generated (NEW_ONLY)"
"CHELLA-GRADED-IMG465","img465.jpg","graded","Sentret #022/L-P - BGS 9.5","Participation Prize","130","2026-05-21 15:01:25","Auto-tracked when export CSV was generated (NEW_ONLY)"
"CHELLA-GRADED-IMG466","img466.jpg","graded","Darkness Energy #XYP - BGS 9.5","Golden Present Campaign","300","2026-05-21 15:01:25","Auto-tracked when export CSV was generated (NEW_ONLY)"
"CHELLA-GRADED-IMG467","img467.jpg","graded","Elesa's Sparkle #246/172 - BGS 9.5","VSTAR Universe","30","2026-05-21 15:01:25","Auto-tracked when export CSV was generated (NEW_ONLY)"
"CHELLA-GRADED-IMG469","img469.jpg","graded","Candice #113/098 - BGS 9.5","Paradigm Trigger","40","2026-05-21 15:01:25","Auto-tracked when export CSV was generated (NEW_ONLY)"
"CHELLA-GRADED-IMG526","img526.jpg","graded","Galarian Zapdos #188/172 - PSA 10","VSTAR Universe","35","2026-05-21 15:01:25","Auto-tracked when export CSV was generated (NEW_ONLY)"
"CHELLA-GRADED-IMG542","img542.jpg","graded","Jirachi V #025/067 - PSA 10","Time Gazer","50","2026-05-21 15:01:25","Auto-tracked when export CSV was generated (NEW_ONLY)"
"CHELLA-GRADED-IMG563","img563.jpg","graded","Latios #070/064 - CGC Pristine 10","Paradise Dragona","50","2026-05-21 15:01:25","Auto-tracked when export CSV was generated (NEW_ONLY)"
"CHELLA-GRADED-IMG564","img564.jpg","graded","Galarian Zapdos #188/172 - CGC Pristine 10","VSTAR Universe","30","2026-05-21 15:01:25","Auto-tracked when export CSV was generated (NEW_ONLY)"
"CHELLA-GRADED-IMG566","img566.jpg","graded","Phione #071/066 - CGC Pristine 10","Crimson Haze","30","2026-05-21 15:01:25","Auto-tracked when export CSV was generated (NEW_ONLY)"
"CHELLA-GRADED-IMG572","img572.jpg","graded","Greninja Illustration #339/S-P - CGC Pristine 10","Illustration Contest","120","2026-05-21 15:01:25","Auto-tracked when export CSV was generated (NEW_ONLY)"
"CHELLA-GRADED-IMG574","img574.jpg","graded","Umbreon ex 093/187 - CGC Pristine 10","Terastal Festival","30","2026-05-21 15:01:25","Auto-tracked when export CSV was generated (NEW_ONLY)"
"CHELLA-GRADED-IMG575","img575.jpg","graded","Cresselia #071/064 - CGC Pristine 10","Night Wanderer","30","2026-05-21 15:01:25","Auto-tracked when export CSV was generated (NEW_ONLY)"
"CHELLA-GRADED-IMG576","img576.jpg","graded","Leafeon VSTAR #269/S-P - CGC Pristine 10","SWSH Promos","30","2026-05-21 15:01:25","Auto-tracked when export CSV was generated (NEW_ONLY)"
"CHELLA-GRADED-IMG579","img579.jpg","graded","Radiant Greninja #033/172 - CGC Pristine 10","VSTAR Universe","35","2026-05-21 15:01:25","Auto-tracked when export CSV was generated (NEW_ONLY)"
"CHELLA-GRADED-IMG580","img580.jpg","graded","Vaporeon #134/165 Pokeball Foil - CGC Pristine 10","151","20","2026-05-21 15:01:25","Auto-tracked when export CSV was generated (NEW_ONLY)"
"CHELLA-GRADED-IMG582","img582.jpg","graded","Mew #002/028 - CGC Pristine 10","Celebrations 25","90","2026-05-21 15:01:25","Auto-tracked when export CSV was generated (NEW_ONLY)"
"CHELLA-GRADED-IMG583","img583.jpg","graded","Blastoise #023/095 - CGC Pristine 10","Tag Bolt","35","2026-05-21 15:01:25","Auto-tracked when export CSV was generated (NEW_ONLY)"
"CHELLA-GRADED-IMG584","img584.jpg","graded","Umbreon #070/108 - CGC 10","Ruler of the Black Flame","30","2026-05-21 15:01:25","Auto-tracked when export CSV was generated (NEW_ONLY)"
"CHELLA-GRADED-IMG586","img586.jpg","graded","Charizard #012/100 - CGC 10","Amazing Volt Tackle","30","2026-05-21 15:01:25","Auto-tracked when export CSV was generated (NEW_ONLY)"
"CHELLA-GRADED-IMG587","img587.jpg","graded","Jirachi #034/052 - CGC 10","Dark Order","25","2026-05-21 15:01:25","Auto-tracked when export CSV was generated (NEW_ONLY)"
"CHELLA-GRADED-IMG588","img588.jpg","graded","Eevee #031/SV-P - CGC 10","SV Promos","30","2026-05-21 15:01:25","Auto-tracked when export CSV was generated (NEW_ONLY)"
"CHELLA-GRADED-IMG589","img589.jpg","graded","Gyarados #028/095 - CGC 10","Tag Bolt","30","2026-05-21 15:01:25","Auto-tracked when export CSV was generated (NEW_ONLY)"
"CHELLA-GRADED-IMG598","img598.jpg","graded","Poliwhirl #176/165 - CGC 10","151","40","2026-05-21 15:01:25","Auto-tracked when export CSV was generated (NEW_ONLY)"
"CHELLA-GRADED-IMG599","img599.jpg","graded","Vaporeon V #015/069 - CGC 10","Eevee Heroes","20","2026-05-21 15:01:25","Auto-tracked when export CSV was generated (NEW_ONLY)"
"CHELLA-GRADED-IMG592","img592.jpg","graded","Bulbasaur #166/165 - CGC 9","151","30","2026-05-21 15:01:25","Auto-tracked when export CSV was generated (NEW_ONLY)"
"CHELLA-GRADED-IMG593","img593.jpg","graded","Venusaur VMAX #002/021 - CGC 9","Venusaur VMAX Starter Set","15","2026-05-21 15:01:25","Auto-tracked when export CSV was generated (NEW_ONLY)"
"CHELLA-GRADED-IMG596","img596.jpg","graded","Mewtwo VSTAR #031/71 - CGC 9.5","Pokemon GO","15","2026-05-21 15:01:25","Auto-tracked when export CSV was generated (NEW_ONLY)"
"CHELLA-GRADED-IMG475","img475.jpg","graded","Toxtricity ex #215 - CGC 9","Illustration Contest","10","2026-05-21 15:01:25","Auto-tracked when export CSV was generated (NEW_ONLY)"
"CHELLA-GRADED-IMG481","img481.jpg","graded","Arbok ex #187/165 - CGC Pristine 10","151","30","2026-05-21 15:01:25","Auto-tracked when export CSV was generated (NEW_ONLY)"
"CHELLA-GRADED-IMG484","img484.jpg","graded","Archaludon ex #241/191 - CGC 10","Surging Sparks","30","2026-05-21 15:01:25","Auto-tracked when export CSV was generated (NEW_ONLY)"
"CHELLA-GRADED-IMG485","img485.jpg","graded","Carmine #217/167 - CGC 10","Twilight Masquerade","120","2026-05-21 15:01:25","Auto-tracked when export CSV was generated (NEW_ONLY)"
"CHELLA-GRADED-IMG486","img486.jpg","graded","Toedscool #080/078 - CGC 9.5","Violet ex","10","2026-05-21 15:01:25","Auto-tracked when export CSV was generated (NEW_ONLY)"
"CHELLA-GRADED-IMG490","img490.jpg","graded","Raichu 27/144 - CGC 10","Skyridge","175","2026-05-21 15:01:25","Auto-tracked when export CSV was generated (NEW_ONLY)"
"CHELLA-GRADED-IMG492","img492.jpg","graded","Extra Rule #03 - CGC 10","Vending Series","70","2026-05-21 15:01:25","Auto-tracked when export CSV was generated (NEW_ONLY)"
"CHELLA-GRADED-IMG495","img495.jpg","graded","Marshtomp #010/ADV-P - CGC 9","Shogakukan Elementary","60","2026-05-21 15:01:25","Auto-tracked when export CSV was generated (NEW_ONLY)"
"CHELLA-GRADED-IMG496","img496.jpg","graded","Bronzong #TG11/TG30 Error - CGC 8","Astral Radiance","30","2026-05-21 15:01:25","Auto-tracked when export CSV was generated (NEW_ONLY)"
"CHELLA-GRADED-IMG497","img497.jpg","graded","Slowking #019/131 Holoshift Error - CGC 8.5","Prismatic Evolutions","100","2026-05-21 15:01:25","Auto-tracked when export CSV was generated (NEW_ONLY)"
"CHELLA-GRADED-IMG498","img498.jpg","graded","Lightning Energy #109/109 Reverse Holofoil - CGC 10","Ruby & Sapphire","75","2026-05-21 15:01:25","Auto-tracked when export CSV was generated (NEW_ONLY)"
"CHELLA-GRADED-IMG502","img502.jpg","graded","Lt. Surge's Fearow #7/132 1st Edition Ink Error - CGC 6.5","Gym Heroes","125","2026-05-21 15:01:25","Auto-tracked when export CSV was generated (NEW_ONLY)"
"CHELLA-GRADED-IMG503","img503.jpg","graded","Cheryl 159/163 - CGC 9","Battle Styles","15","2026-05-21 15:01:25","Auto-tracked when export CSV was generated (NEW_ONLY)"
"CHELLA-GRADED-IMG504","img504.jpg","graded","Cynthia's Ambition #239/172 - CGC 10","VSTAR Universe","80","2026-05-21 15:01:25","Auto-tracked when export CSV was generated (NEW_ONLY)"
"CHELLA-GRADED-IMG507","img507.jpg","graded","Clefable #1/64 - SGC 8","Jungle Set","40","2026-05-21 15:01:25","Auto-tracked when export CSV was generated (NEW_ONLY)"
"CHELLA-GRADED-IMG508","img508.jpg","graded","Staryu #004/034 - AGS 10","Classic Collection","10","2026-05-21 15:01:25","Auto-tracked when export CSV was generated (NEW_ONLY)"
"CHELLA-GRADED-IMG509","img509.jpg","graded","Sandy Shocks ex #083/066 - AGS 10","Ancient Roar","20","2026-05-21 15:01:25","Auto-tracked when export CSV was generated (NEW_ONLY)"
"CHELLA-GRADED-IMG511","img511.jpg","graded","Charmeleon #002/034 - AGS 9.5","Classic Collection","15","2026-05-21 15:01:25","Auto-tracked when export CSV was generated (NEW_ONLY)"
"CHELLA-SINGLE-SINGLES-0005","singles_0005.jpg","single","Reshiram-EX #95 - Heavily Played","Next Destinies","70","2026-05-21 15:01:25","Auto-tracked when export CSV was generated (NEW_ONLY)"
"CHELLA-SINGLE-SINGLES-0007","singles_0007.jpg","single","Bianca #147 - Heavily Played","Boundaries Crossed","100","2026-05-21 15:01:25","Auto-tracked when export CSV was generated (NEW_ONLY)"
"CHELLA-SINGLE-SINGLES-0009","singles_0009.jpg","single","Fossil Researcher #110 - Near Mint","Furious Fists","60","2026-05-21 15:01:25","Auto-tracked when export CSV was generated (NEW_ONLY)"
"CHELLA-SINGLE-SINGLES-0013","singles_0013.jpg","single","Escape Rope #163 - Near Mint","Burning Shadows","15","2026-05-21 15:01:25","Auto-tracked when export CSV was generated (NEW_ONLY)"
"CHELLA-SINGLE-SINGLES-0015","singles_0015.jpg","single","Goldeen #20 - Masterball Foil - Near Mint","Prismatic Evolutions","5","2026-05-21 15:01:25","Auto-tracked when export CSV was generated (NEW_ONLY)"
"CHELLA-SINGLE-SINGLES-0019","singles_0019.jpg","single","Dark Tyranitar #20 - Unlimited Normal - Lightly Played","Team Rocket Returns","15","2026-05-21 15:01:25","Auto-tracked when export CSV was generated (NEW_ONLY)"
"CHELLA-SINGLE-SINGLES-0021","singles_0021.jpg","single","Dark Houndoom #37 - Unlimited Normal - Moderately Played","Team Rocket Returns","10","2026-05-21 15:01:25","Auto-tracked when export CSV was generated (NEW_ONLY)"
"CHELLA-SINGLE-SINGLES-0025","singles_0025.jpg","single","Dark Magcargo #38 - Unlimited Normal - Lightly Played","Team Rocket Returns","3","2026-05-21 15:01:25","Auto-tracked when export CSV was generated (NEW_ONLY)"
"CHELLA-SINGLE-SINGLES-0027","singles_0027.jpg","single","Dark Magneton #39 - Unlimited Normal - Lightly Played","Team Rocket Returns","2","2026-05-21 15:01:25","Auto-tracked when export CSV was generated (NEW_ONLY)"
"CHELLA-SINGLE-SINGLES-0029","singles_0029.jpg","single","Dark Flaaffy #33 - Unlimited Normal - Near Mint","Team Rocket Returns","8","2026-05-21 15:01:25","Auto-tracked when export CSV was generated (NEW_ONLY)"
"CHELLA-SINGLE-SINGLES-0035","singles_0035.jpg","single","Lightning Energy #109 - Reverse Holo - Near Mint","Ruby & Sapphire","8","2026-05-21 15:01:25","Auto-tracked when export CSV was generated (NEW_ONLY)"
"CHELLA-SINGLE-SINGLES-0037","singles_0037.jpg","single","Lightning Energy #106 - Holofoil - Lightly Played","Power Keepers","6","2026-05-21 15:01:25","Auto-tracked when export CSV was generated (NEW_ONLY)"
"CHELLA-SINGLE-SINGLES-0039","singles_0039.jpg","single","Water Energy #107 - Holofoil - Moderately Played","Holon Phantoms","5","2026-05-21 15:01:25","Auto-tracked when export CSV was generated (NEW_ONLY)"
"CHELLA-SINGLE-SINGLES-0041","singles_0041.jpg","single","Water Energy #107 - Holofoil - Moderately Played","Holon Phantoms","5","2026-05-21 15:01:25","Auto-tracked when export CSV was generated (NEW_ONLY)"
"CHELLA-SINGLE-SINGLES-0043","singles_0043.jpg","single","Water Energy #107 - Holofoil - Lightly Played","Holon Phantoms","7","2026-05-21 15:01:25","Auto-tracked when export CSV was generated (NEW_ONLY)"
"CHELLA-SINGLE-SINGLES-0045","singles_0045.jpg","single","Fire Energy #104 - Holofoil - Lightly Played","Power Keepers","7","2026-05-21 15:01:25","Auto-tracked when export CSV was generated (NEW_ONLY)"
"CHELLA-SINGLE-SINGLES-0049","singles_0049.jpg","single","Empoleon V #145 - Near Mint","Battle Styles","6","2026-05-21 15:01:25","Auto-tracked when export CSV was generated (NEW_ONLY)"
"CHELLA-SINGLE-SINGLES-0053","singles_0053.jpg","single","Charizard #13 - Reverse Holo - Near Mint","Tag Bolt","12","2026-05-21 15:01:25","Auto-tracked when export CSV was generated (NEW_ONLY)"
"CHELLA-SINGLE-SINGLES-0055","singles_0055.jpg","single","Eevee #100/S-P - Near Mint","Start Battle","8","2026-05-21 15:01:25","Auto-tracked when export CSV was generated (NEW_ONLY)"
"CHELLA-SINGLE-SINGLES-0057","singles_0057.jpg","single","Eevee #100/S-P - Near Mint","Start Battle","8","2026-05-21 15:01:25","Auto-tracked when export CSV was generated (NEW_ONLY)"
"CHELLA-SINGLE-SINGLES-0059","singles_0059.jpg","single","Poliwrath #62 - Lightly Played","Topps Chrome","10","2026-05-21 15:01:25","Auto-tracked when export CSV was generated (NEW_ONLY)"
"CHELLA-SINGLE-SINGLES-0063","singles_0063.jpg","single","Venonat #48 - Lightly Played","Topps Chrome","10","2026-05-21 15:01:25","Auto-tracked when export CSV was generated (NEW_ONLY)"
"CHELLA-SINGLE-SINGLES-0069","singles_0069.jpg","single","Dugtrio #51 - Lightly Played","Topps","5","2026-05-21 15:01:25","Auto-tracked when export CSV was generated (NEW_ONLY)"
"CHELLA-SINGLE-SINGLES-0071","singles_0071.jpg","single","Ekans #23 - Near Mint","Topps","5","2026-05-21 15:01:25","Auto-tracked when export CSV was generated (NEW_ONLY)"
"CHELLA-SINGLE-SINGLES-0073","singles_0073.jpg","single","Rapidash #078 - Near Mint","Bandai","7","2026-05-21 15:01:25","Auto-tracked when export CSV was generated (NEW_ONLY)"
"CHELLA-SINGLE-SINGLES-0075","singles_0075.jpg","single","Kadabra #064 - Near Mint","Bandai","10","2026-05-21 15:01:25","Auto-tracked when export CSV was generated (NEW_ONLY)"
"CHELLA-SINGLE-SINGLES-0079","singles_0079.jpg","single","Tornadus EX #230/BW-P - Near Mint","Battle Boost","25","2026-05-21 15:01:25","Auto-tracked when export CSV was generated (NEW_ONLY)"
"CHELLA-SINGLE-SINGLES-0083","singles_0083.jpg","single","Terrakion #030 - Reverse Holofoil - Near Mint","Waku Waku Battle","15","2026-05-21 15:01:25","Auto-tracked when export CSV was generated (NEW_ONLY)"
"CHELLA-SINGLE-SINGLES-0085","singles_0085.jpg","single","Electabuzz #095 - Reverse Holofoil - Lightly Played","Galactic Conquest","15","2026-05-21 15:01:25","Auto-tracked when export CSV was generated (NEW_ONLY)"
"CHELLA-SINGLE-SINGLES-0087","singles_0087.jpg","single","Luxio #103/BW-P - Near Mint","Psycho Drive Hail Blizzard","8","2026-05-21 15:01:25","Auto-tracked when export CSV was generated (NEW_ONLY)"
"CHELLA-SINGLE-SINGLES-0089","singles_0089.jpg","single","Dedenne #013/XY-P - Near Mint","XY Promos","10","2026-05-21 15:01:25","Auto-tracked when export CSV was generated (NEW_ONLY)"
"CHELLA-SINGLE-SINGLES-0091","singles_0091.jpg","single","Lilligant #062/BW-P - Near Mint","Kids Special Toy","5","2026-05-21 15:01:25","Auto-tracked when export CSV was generated (NEW_ONLY)"
"CHELLA-SINGLE-SINGLES-0099","singles_0099.jpg","single","Aroma Lady #081/063 - Rainbow - Near Mint","Eevee Heroes","5","2026-05-21 15:01:25","Auto-tracked when export CSV was generated (NEW_ONLY)"
"CHELLA-SINGLE-SINGLES-0101","singles_0101.jpg","single","Charizard #013 - Reverse Holofoil - Near Mint","Tag Bolt","12","2026-05-21 15:01:25","Auto-tracked when export CSV was generated (NEW_ONLY)"
"CHELLA-SINGLE-SINGLES-0105","singles_0105.jpg","single","Professor Birch #89 - Reverse Holo - Near Mint","Ruby & Sapphire","4","2026-05-21 15:01:25","Auto-tracked when export CSV was generated (NEW_ONLY)"
"CHELLA-SINGLE-SINGLES-0107","singles_0107.jpg","single","Energy Restore #81 - Reverse Holo - Near Mint","Ruby & Sapphire","3","2026-05-21 15:01:25","Auto-tracked when export CSV was generated (NEW_ONLY)"
"CHELLA-SINGLE-SINGLES-0113","singles_0113.jpg","single","Bianca's Devotion #197 - Near Mint","Temporal Forces","4","2026-05-21 15:01:25","Auto-tracked when export CSV was generated (NEW_ONLY)"
"CHELLA-SINGLE-SINGLES-0115","singles_0115.jpg","single","Janine's Secret Art #88 - Near Mint","Shrouded Fable","3","2026-05-21 15:01:25","Auto-tracked when export CSV was generated (NEW_ONLY)"
"CHELLA-SINGLE-SINGLES-0117","singles_0117.jpg","single","Arven's Mabostiff ex #081/063 - Near Mint","Heatwave Arena","3","2026-05-21 15:01:25","Auto-tracked when export CSV was generated (NEW_ONLY)"
"CHELLA-SINGLE-SINGLES-0119","singles_0119.jpg","single","Keldeo ex #161/086 - Near Mint","White Flare","3","2026-05-21 15:01:25","Auto-tracked when export CSV was generated (NEW_ONLY)"
"CHELLA-SINGLE-SINGLES-0121","singles_0121.jpg","single","Thundurus #244/190 - Near Mint","Shiny Treasure","2","2026-05-21 15:01:25","Auto-tracked when export CSV was generated (NEW_ONLY)"
"CHELLA-SINGLE-SINGLES-0125","singles_0125.jpg","single","Electrike #073/063 - Near Mint","Heatwave Arena","2","2026-05-21 15:01:25","Auto-tracked when export CSV was generated (NEW_ONLY)"
"CHELLA-SINGLE-SINGLES-0129","singles_0129.jpg","single","Simisear #099/086 - Near Mint","Black Bolt","10","2026-05-21 15:01:25","Auto-tracked when export CSV was generated (NEW_ONLY)"
"CHELLA-SINGLE-SINGLES-0133","singles_0133.jpg","single","Joltik #108/102 - Near Mint","Stellar Miracle","4","2026-05-21 15:01:25","Auto-tracked when export CSV was generated (NEW_ONLY)"
"CHELLA-SINGLE-SINGLES-0135","singles_0135.jpg","single","Raboot #106/102 - Near Mint","Stellar Miracle","3","2026-05-21 15:01:25","Auto-tracked when export CSV was generated (NEW_ONLY)"
"CHELLA-SINGLE-SINGLES-0139","singles_0139.jpg","single","Houndstone 073/063 - Near Mint","Mega Symphonia","3","2026-05-21 15:01:25","Auto-tracked when export CSV was generated (NEW_ONLY)"
"CHELLA-SINGLE-SINGLES-0141","singles_0141.jpg","single","Archaludon #113/102 - Near Mint","Stellar Miracle","3","2026-05-21 15:01:25","Auto-tracked when export CSV was generated (NEW_ONLY)"
"CHELLA-SINGLE-SINGLES-0143","singles_0143.jpg","single","Garganacl #070/063 - Near Mint","Mega Brave","2","2026-05-21 15:01:25","Auto-tracked when export CSV was generated (NEW_ONLY)"
"CHELLA-SINGLE-SINGLES-0145","singles_0145.jpg","single","Orthworm #081/071 - Near Mint","Snow Hazard","3","2026-05-21 15:01:25","Auto-tracked when export CSV was generated (NEW_ONLY)"
"CHELLA-SINGLE-SINGLES-0147","singles_0147.jpg","single","Spearow #074/063 - Near Mint","Mega Brave","3","2026-05-21 15:01:25","Auto-tracked when export CSV was generated (NEW_ONLY)"
"CHELLA-SINGLE-SINGLES-0151","singles_0151.jpg","single","Floragato #076/073 - Near Mint","Triple Beat","7","2026-05-21 15:01:25","Auto-tracked when export CSV was generated (NEW_ONLY)"
"CHELLA-SINGLE-SINGLES-0153","singles_0153.jpg","single","Floragato #076/073 - Near Mint","Triple Beat","7","2026-05-21 15:01:25","Auto-tracked when export CSV was generated (NEW_ONLY)"
"CHELLA-SINGLE-SINGLES-0171","singles_0171.jpg","single","Juggler #126 - Unlimited Normal - Near Mint","Aquapolis","2","2026-05-21 15:01:25","Auto-tracked when export CSV was generated (NEW_ONLY)"
"CHELLA-SINGLE-SINGLES-0177","singles_0177.jpg","single","Kingler δ #22 - Unlimited Normal - Moderately Played","Crystal Guardians","2","2026-05-21 15:01:25","Auto-tracked when export CSV was generated (NEW_ONLY)"
"CHELLA-SINGLE-SINGLES-0181","singles_0181.jpg","single","Pidgeotto δ #49 - Unlimited Normal - Moderately Played","Holon Phantoms","2","2026-05-21 15:01:25","Auto-tracked when export CSV was generated (NEW_ONLY)"
"CHELLA-SINGLE-SINGLES-0185","singles_0185.jpg","single","Mareep #58 - Unlimited - Damaged","Neo Discovery","1","2026-05-21 15:01:25","Auto-tracked when export CSV was generated (NEW_ONLY)"
"CHELLA-SINGLE-SINGLES-0191","singles_0191.jpg","single","Zekrom #51 - Unlimited Holofoil - Heavily Played","Legendary Treasures","2","2026-05-21 15:01:25","Auto-tracked when export CSV was generated (NEW_ONLY)"
"CHELLA-GRADED-IMG480","img480.jpg","graded","Chansey Butterfree Vileplume #01 - CGC Pristine 10","Bandai Sealdass","200","2026-05-23 15:20:35","Auto-tracked when export CSV was generated (NEW_ONLY)"
"CHELLA-GRADED-IMG493","img493.jpg","graded","Drowzee Gastly Onix Poliwag #03 - CGC 9.5","Bandai Sealdass","80","2026-05-23 15:20:35","Auto-tracked when export CSV was generated (NEW_ONLY)"
"CHELLA-GRADED-IMG494","img494.jpg","graded","Lapras Seadra Venonant #02 - CGC 9.5","Bandai Sealdass","80","2026-05-23 15:20:35","Auto-tracked when export CSV was generated (NEW_ONLY)"
"CHELLA-SEALED-SINGLES-1315","singles_1315.jpg","sealed","Meowth #Promo 10 - Sealed","Gameboy Promo","150","2026-05-26 18:57:35","Auto-tracked when export CSV was generated (NEW_ONLY)"
"CHELLA-SEALED-SINGLES-1317","singles_1317.jpg","sealed","Rayquaza #003/S-P - Sealed","Starter Set","150","2026-05-26 18:57:35","Auto-tracked when export CSV was generated (NEW_ONLY)"
"CHELLA-SEALED-SINGLES-1318","singles_1318.jpg","sealed","Volcanion #266/XY-P - Sealed","XY Promos","1000","2026-05-26 18:57:35","Auto-tracked when export CSV was generated (NEW_ONLY)"
"CHELLA-SEALED-SINGLES-1319","singles_1319.jpg","sealed","Lugia V #322/S-P - Sealed","Mystery Promo","110","2026-05-26 18:57:35","Auto-tracked when export CSV was generated (NEW_ONLY)"
"CHELLA-SEALED-SINGLES-1320","singles_1320.jpg","sealed","Zeraora #133/SV-P - Sealed","Stellar Miracle","20","2026-05-26 18:57:35","Auto-tracked when export CSV was generated (NEW_ONLY)"
"CHELLA-SEALED-SINGLES-1322","singles_1322.jpg","sealed","Eevee #194/SV-P - Sealed","Eevee Family Special Set","40","2026-05-26 18:57:35","Auto-tracked when export CSV was generated (NEW_ONLY)"
"CHELLA-SEALED-SINGLES-1323","singles_1323.jpg","sealed","Team Rocket's Meowth #219/SV-P - Sealed","Chinese Exclusive","30","2026-05-26 18:57:35","Auto-tracked when export CSV was generated (NEW_ONLY)"
"CHELLA-SEALED-SINGLES-1325","singles_1325.jpg","sealed","Druddigon #011/012 - Sealed","Display Set","7","2026-05-26 18:57:35","Auto-tracked when export CSV was generated (NEW_ONLY)"
"CHELLA-SEALED-SINGLES-1326","singles_1326.jpg","sealed","Frosmoth #004/008 - Sealed","Display Set","5","2026-05-26 18:57:35","Auto-tracked when export CSV was generated (NEW_ONLY)"
"CHELLA-SEALED-SINGLES-1328","singles_1328.jpg","sealed","Thundurus #209 - Sealed","Black Star Promo","5","2026-05-26 18:57:35","Auto-tracked when export CSV was generated (NEW_ONLY)"
"CHELLA-SEALED-SINGLES-1329","singles_1329.jpg","sealed","Tyrunt #070 - Sealed","Black Star Promo","8","2026-05-26 18:57:35","Auto-tracked when export CSV was generated (NEW_ONLY)"
"CHELLA-SEALED-SINGLES-1330","singles_1330.jpg","sealed","Iron Thorns #098 - Sealed","Black Star Promo","6","2026-05-26 18:57:35","Auto-tracked when export CSV was generated (NEW_ONLY)"
"CHELLA-SEALED-SINGLES-1333","singles_1333.jpg","sealed","Pikachu #040/SV-P - Sealed","Promotional Card","30","2026-05-26 18:57:35","Auto-tracked when export CSV was generated (NEW_ONLY)"
"CHELLA-SINGLE-SINGLES-1219","singles_1219.jpg","single","Pikachu with Mega Lizardon X Poncho - Pokemon Center - Near Mint","Business Card Campaign","200","2026-05-26 18:57:35","Auto-tracked when export CSV was generated (NEW_ONLY)"
"CHELLA-SINGLE-SINGLES-1221","singles_1221.jpg","single","Beedrill V #069/067 - Chinese - Near Mint","Space Juggler","25","2026-05-26 18:57:35","Auto-tracked when export CSV was generated (NEW_ONLY)"
"CHELLA-SINGLE-SINGLES-1227","singles_1227.jpg","single","Azelf #020/050 - Reverse Holofoil - Near Mint","Ultra Force","4","2026-05-26 18:57:35","Auto-tracked when export CSV was generated (NEW_ONLY)"
"CHELLA-SINGLE-SINGLES-1231","singles_1231.jpg","single","Rowlet #082/080 - Chinese - Near Mint","Nihil Zero","4","2026-05-26 18:57:35","Auto-tracked when export CSV was generated (NEW_ONLY)"
"CHELLA-SINGLE-SINGLES-1233","singles_1233.jpg","single","Medicham #207/193 - Chinese - Near Mint","Mega Dream","3","2026-05-26 18:57:35","Auto-tracked when export CSV was generated (NEW_ONLY)"
"CHELLA-SINGLE-SINGLES-1239","singles_1239.jpg","single","Quaxly #081/073 - Korean - Near Mint","Triple Beat","4","2026-05-26 18:57:35","Auto-tracked when export CSV was generated (NEW_ONLY)"
"CHELLA-SINGLE-SINGLES-1247","singles_1247.jpg","single","Stoutland #152/150 - Chinese - Near Mint","Dream League","3","2026-05-26 18:57:35","Auto-tracked when export CSV was generated (NEW_ONLY)"
"CHELLA-SINGLE-SINGLES-1251","singles_1251.jpg","single","Team Rocket's Weezing #105/098 - Korean - Near Mint","Glory of Team Rocket","4","2026-05-26 18:57:35","Auto-tracked when export CSV was generated (NEW_ONLY)"
"CHELLA-SINGLE-SINGLES-1255","singles_1255.jpg","single","Dedenne #085/080 - Korean - Near Mint","Nihil Zero","4","2026-05-26 18:57:35","Auto-tracked when export CSV was generated (NEW_ONLY)"
"CHELLA-SINGLE-SINGLES-1259","singles_1259.jpg","single","Togedemaru #090/080 - Korean - Near Mint","Nihil Zero","2","2026-05-26 18:57:35","Auto-tracked when export CSV was generated (NEW_ONLY)"
"CHELLA-SINGLE-SINGLES-1261","singles_1261.jpg","single","Ninjask #065/063 - Korean - Near Mint","Mega Symphonia","2","2026-05-26 18:57:35","Auto-tracked when export CSV was generated (NEW_ONLY)"
"CHELLA-SINGLE-SINGLES-1263","singles_1263.jpg","single","Ethan's Magcargo #197/193 - Korean - Near Mint","Mega Dream","2","2026-05-26 18:57:35","Auto-tracked when export CSV was generated (NEW_ONLY)"
"CHELLA-SINGLE-SINGLES-1265","singles_1265.jpg","single","Wigglytuff #091/080 - Korean - Near Mint","Inferno X","3","2026-05-26 18:57:35","Auto-tracked when export CSV was generated (NEW_ONLY)"
"CHELLA-SINGLE-SINGLES-1267","singles_1267.jpg","single","Larvitar #114/108 - Korean - Near Mint","Ruler of the Black Flame","4","2026-05-26 18:57:35","Auto-tracked when export CSV was generated (NEW_ONLY)"
"CHELLA-SINGLE-SINGLES-1269","singles_1269.jpg","single","Gumshoos #075/063 - Korean - Near Mint","Mega Brave","3","2026-05-26 18:57:35","Auto-tracked when export CSV was generated (NEW_ONLY)"
"CHELLA-SINGLE-SINGLES-1271","singles_1271.jpg","single","Talonflame #083/080 - Korean - Near Mint","Nihil Zero","3","2026-05-26 18:57:35","Auto-tracked when export CSV was generated (NEW_ONLY)"
"CHELLA-SINGLE-SINGLES-1273","singles_1273.jpg","single","Probopass #088/080 - Korean - Near Mint","Nihil Zero","2","2026-05-26 18:57:35","Auto-tracked when export CSV was generated (NEW_ONLY)"
"CHELLA-SINGLE-SINGLES-1275","singles_1275.jpg","single","Espathra #131/128 - Chinese - Near Mint","Arcane Truth","3","2026-05-26 18:57:35","Auto-tracked when export CSV was generated (NEW_ONLY)"
"CHELLA-SINGLE-SINGLES-1281","singles_1281.jpg","single","Clawitzer #068/063 - Korean - Near Mint","Mega Symphonia","2","2026-05-26 18:57:35","Auto-tracked when export CSV was generated (NEW_ONLY)"
"CHELLA-SINGLE-SINGLES-1283","singles_1283.jpg","single","Spiritomb #071/063 - Korean - Near Mint","Mega Brave","3","2026-05-26 18:57:35","Auto-tracked when export CSV was generated (NEW_ONLY)"
"CHELLA-SINGLE-SINGLES-1299","singles_1299.jpg","single","Drapion #090/080 - Korean - Near Mint","Nihil Zero","2","2026-05-26 18:57:35","Auto-tracked when export CSV was generated (NEW_ONLY)"
"CHELLA-SINGLE-SINGLES-1313","singles_1313.jpg","single","Solrock #129/127 - Chinese - Near Mint","Brave Stars","2","2026-05-26 18:57:35","Auto-tracked when export CSV was generated (NEW_ONLY)"
"CHELLA-SINGLE-SINGLES-1338","singles_1338.jpg","single","Kyurem ex #165 - Near Mint","Black Bolt","75","2026-06-19 20:05:02","Auto-tracked when export CSV was generated (NEW_ONLY)"
"CHELLA-SINGLE-SINGLES-1344","singles_1344.jpg","single","Ivysaur #134 - Near Mint","Mega Evolution","23","2026-06-19 20:05:02","Auto-tracked when export CSV was generated (NEW_ONLY)"
"CHELLA-SINGLE-SINGLES-1350","singles_1350.jpg","single","Mega Feraligatr ex #274 - Near Mint","Ascended Heroes","175","2026-06-19 20:05:02","Auto-tracked when export CSV was generated (NEW_ONLY)"
"CHELLA-SINGLE-SINGLES-1356","singles_1356.jpg","single","Mega Emboar ex #273 - Near Mint","Ascended Heroes","75","2026-06-19 20:05:02","Auto-tracked when export CSV was generated (NEW_ONLY)"
"CHELLA-SINGLE-SINGLES-1382","singles_1382.jpg","single","Mega Scrafty ex #270 - Near Mint","Ascended Heroes","6","2026-06-19 20:05:02","Auto-tracked when export CSV was generated (NEW_ONLY)"
"CHELLA-SINGLE-SINGLES-1384","singles_1384.jpg","single","Mega Eelektross ex #266 - Near Mint","Ascended Heroes","5","2026-06-19 20:05:02","Auto-tracked when export CSV was generated (NEW_ONLY)"
"CHELLA-SINGLE-SINGLES-1390","singles_1390.jpg","single","Teal Mask Ogerpon #123 - Near Mint","Scarlet & Violet Black Star Promos","2","2026-06-19 20:05:02","Auto-tracked when export CSV was generated (NEW_ONLY)"
"CHELLA-SINGLE-SINGLES-1394","singles_1394.jpg","single","Relicanth #077/071 - Korean - Near Mint","Wild Force","3","2026-06-19 20:05:02","Auto-tracked when export CSV was generated (NEW_ONLY)"
"CHELLA-SINGLE-SINGLES-1398","singles_1398.jpg","single","Team Rocket's Mimikyu #238 - Near Mint","Ascended Heroes","30","2026-06-19 20:05:02","Auto-tracked when export CSV was generated (NEW_ONLY)"
"CHELLA-SINGLE-SINGLES-1414","singles_1414.jpg","single","Team Rocket's Wobbuffet #203 - Near Mint","Scarlet & Violet Promo Cards","14","2026-06-19 20:05:02","Auto-tracked when export CSV was generated (NEW_ONLY)"
"CHELLA-SINGLE-SINGLES-1416","singles_1416.jpg","single","Charcadet #022 - Near Mint","Scarlet & Violet Promo Cards","3","2026-06-19 20:05:02","Auto-tracked when export CSV was generated (NEW_ONLY)"
"CHELLA-SINGLE-SINGLES-1428","singles_1428.jpg","single","N's Zoroark ex #189 - Near Mint","Journey Together","17","2026-06-19 20:05:02","Auto-tracked when export CSV was generated (NEW_ONLY)"
"CHELLA-SINGLE-SINGLES-1432","singles_1432.jpg","single","Mega Lopunny ex #115 - Near Mint","Phantasmal Flames","3","2026-06-19 20:05:02","Auto-tracked when export CSV was generated (NEW_ONLY)"
"CHELLA-SINGLE-SINGLES-1446","singles_1446.jpg","single","Team Rocket's Murkrow #200 - Near Mint","Destined Rivals","11","2026-06-19 20:05:02","Auto-tracked when export CSV was generated (NEW_ONLY)"
"CHELLA-SINGLE-SINGLES-1450","singles_1450.jpg","single","Marill #232 - Near Mint","Ascended Heroes","17","2026-06-19 20:05:02","Auto-tracked when export CSV was generated (NEW_ONLY)"
"CHELLA-SINGLE-SINGLES-1452","singles_1452.jpg","single","Iono's Wattrel #231 - Near Mint","Ascended Heroes","11","2026-06-19 20:05:02","Auto-tracked when export CSV was generated (NEW_ONLY)"
"CHELLA-SINGLE-SINGLES-1458","singles_1458.jpg","single","Hitmontop #240 - Near Mint","Ascended Heroes","8","2026-06-19 20:05:02","Auto-tracked when export CSV was generated (NEW_ONLY)"
"CHELLA-SINGLE-SINGLES-1464","singles_1464.jpg","single","Shedinja #144 - Near Mint","Mega Evolution","3","2026-06-19 20:05:02","Auto-tracked when export CSV was generated (NEW_ONLY)"
"CHELLA-SINGLE-SINGLES-1470","singles_1470.jpg","single","Dondozo #207 - Near Mint","Scarlet & Violet","14","2026-06-19 20:05:02","Auto-tracked when export CSV was generated (NEW_ONLY)"
"CHELLA-SINGLE-SINGLES-1476","singles_1476.jpg","single","Drapion #97 - Near Mint","Perfect Order","2","2026-06-19 20:05:02","Auto-tracked when export CSV was generated (NEW_ONLY)"
"CHELLA-SINGLE-SINGLES-1484","singles_1484.jpg","single","Spewpa #89 - Near Mint","Perfect Order","3","2026-06-19 20:05:02","Auto-tracked when export CSV was generated (NEW_ONLY)"
"CHELLA-SINGLE-SINGLES-1486","singles_1486.jpg","single","Blaziken #192 - Near Mint","Destined Rivals","13","2026-06-19 20:05:02","Auto-tracked when export CSV was generated (NEW_ONLY)"
"CHELLA-SINGLE-SINGLES-1496","singles_1496.jpg","single","Deerling #165 - Near Mint","Temporal Forces","45","2026-06-19 20:05:02","Auto-tracked when export CSV was generated (NEW_ONLY)"
"CHELLA-SINGLE-SINGLES-1498","singles_1498.jpg","single","Lillie's Ribombee #164 - Near Mint","Journey Together","6","2026-06-19 20:05:02","Auto-tracked when export CSV was generated (NEW_ONLY)"
"CHELLA-SINGLE-SINGLES-1506","singles_1506.jpg","single","Hydrapple #188 - Near Mint","Destined Rivals","4","2026-06-19 20:05:02","Auto-tracked when export CSV was generated (NEW_ONLY)"
"CHELLA-SINGLE-SINGLES-1508","singles_1508.jpg","single","Dipplin #170 - Near Mint","Twilight Masquerade","12","2026-06-19 20:05:02","Auto-tracked when export CSV was generated (NEW_ONLY)"
"CHELLA-SINGLE-SINGLES-1510","singles_1510.jpg","single","Nymble #96 - Near Mint","Phantasmal Flames","2","2026-06-19 20:05:02","Auto-tracked when export CSV was generated (NEW_ONLY)"
"CHELLA-SINGLE-SINGLES-1512","singles_1512.jpg","single","Cynthia's Roserade #184 - Near Mint","Destined Rivals","15","2026-06-19 20:05:02","Auto-tracked when export CSV was generated (NEW_ONLY)"
"CHELLA-SINGLE-SINGLES-1524","singles_1524.jpg","single","Probopass #96 - Near Mint","Perfect Order","2","2026-06-19 20:05:02","Auto-tracked when export CSV was generated (NEW_ONLY)"
"CHELLA-SINGLE-SINGLES-1526","singles_1526.jpg","single","Helioptile #143 - Near Mint","Mega Evolution","3","2026-06-19 20:05:02","Auto-tracked when export CSV was generated (NEW_ONLY)"
"CHELLA-SINGLE-SINGLES-1528","singles_1528.jpg","single","Bibarel #GG25 - Near Mint","Crown Zenith Galarian Gallery","4","2026-06-19 20:05:02","Auto-tracked when export CSV was generated (NEW_ONLY)"
"CHELLA-SINGLE-SINGLES-1530","singles_1530.jpg","single","Hisuian Voltorb #GG01 - Near Mint","Crown Zenith Galarian Gallery","3","2026-06-19 20:05:02","Auto-tracked when export CSV was generated (NEW_ONLY)"
"CHELLA-SINGLE-SINGLES-1540","singles_1540.jpg","single","Empoleon ex #114 - Near Mint","Phantasmal Flames","2","2026-06-19 20:05:02","Auto-tracked when export CSV was generated (NEW_ONLY)"
"CHELLA-SINGLE-SINGLES-1546","singles_1546.jpg","single","Genesect ex #161 - Near Mint","Black Bolt","2","2026-06-19 20:05:02","Auto-tracked when export CSV was generated (NEW_ONLY)"
"CHELLA-SINGLE-SINGLES-1548","singles_1548.jpg","single","Gourgeist ex #102 - Near Mint","Chaos Rising","3","2026-06-19 20:05:02","Auto-tracked when export CSV was generated (NEW_ONLY)"
"CHELLA-SINGLE-SINGLES-1550","singles_1550.jpg","single","Dudunsparce ex #178 - Near Mint","Journey Together","2","2026-06-19 20:05:02","Auto-tracked when export CSV was generated (NEW_ONLY)"
"CHELLA-SINGLE-SINGLES-1552","singles_1552.jpg","single","Mimikyu V #68 - Near Mint","Brilliant Stars","3","2026-06-19 20:05:02","Auto-tracked when export CSV was generated (NEW_ONLY)"
"CHELLA-SINGLE-SINGLES-1558","singles_1558.jpg","single","Team Rocket's Giovanni #225 - Near Mint","Destined Rivals","10","2026-06-19 20:05:02","Auto-tracked when export CSV was generated (NEW_ONLY)"
"CHELLA-SINGLE-SINGLES-1570","singles_1570.jpg","single","Team Rocket's Petrel #226 - Near Mint","Destined Rivals","12","2026-06-19 20:05:02","Auto-tracked when export CSV was generated (NEW_ONLY)"
"CHELLA-SINGLE-SINGLES-1578","singles_1578.jpg","single","Brassius #135 - Near Mint","Prismatic Evolutions","1","2026-06-19 20:05:02","Auto-tracked when export CSV was generated (NEW_ONLY)"
"CHELLA-SINGLE-SINGLES-1594","singles_1594.jpg","single","Fighting Gong #168 - Near Mint","Mega Evolution","3","2026-06-19 20:05:02","Auto-tracked when export CSV was generated (NEW_ONLY)"
"CHELLA-SINGLE-SINGLES-1600","singles_1600.jpg","single","Ignition Energy #124 - Near Mint","Phantasmal Flames","3","2026-06-19 20:05:02","Auto-tracked when export CSV was generated (NEW_ONLY)"
"CHELLA-SINGLE-SINGLES-1602","singles_1602.jpg","single","Unfair Stamp #165 - Near Mint","Twilight Masquerade","15","2026-06-19 20:05:02","Auto-tracked when export CSV was generated (NEW_ONLY)"
"CHELLA-SINGLE-SINGLES-1606","singles_1606.jpg","single","Amulet of Hope #162 - Near Mint","Surging Sparks","1","2026-06-19 20:05:02","Auto-tracked when export CSV was generated (NEW_ONLY)"
"CHELLA-SINGLE-SINGLES-1608","singles_1608.jpg","single","Darkrai #1006/07 - Chinese - Near Mint","Gem Pack Vol. 3","2","2026-06-19 20:05:02","Auto-tracked when export CSV was generated (NEW_ONLY)"
"CHELLA-SINGLE-SINGLES-1792","singles_1792.jpg","single","Milotic ex #237 - Near Mint","Surging Sparks","140","2026-07-16 22:55:35","Auto-tracked when export CSV was generated (NEW_ONLY)"
"CHELLA-SINGLE-SINGLES-1796","singles_1796.jpg","single","Iris's Fighting Spirit #292 - Near Mint","Ascended Heroes","38","2026-07-16 22:55:35","Auto-tracked when export CSV was generated (NEW_ONLY)"
"CHELLA-SINGLE-SINGLES-1802","singles_1802.jpg","single","Ditto #GG22 - Near Mint","Crown Zenith Galarian Gallery","22","2026-07-16 22:55:35","Auto-tracked when export CSV was generated (NEW_ONLY)"
"CHELLA-SINGLE-SINGLES-1814","singles_1814.jpg","single","Cynthia's Spiritomb #244 - Near Mint","Ascended Heroes","12","2026-07-16 22:55:35","Auto-tracked when export CSV was generated (NEW_ONLY)"
"CHELLA-SINGLE-SINGLES-1816","singles_1816.jpg","single","Wailord #162 - Near Mint","Journey Together","18","2026-07-16 22:55:35","Auto-tracked when export CSV was generated (NEW_ONLY)"
"CHELLA-SINGLE-SINGLES-1698","singles_1698.jpg","single","Mega Zygarde ex #124 - Near Mint","Perfect Order","150","2026-07-16 22:55:35","Auto-tracked when export CSV was generated (NEW_ONLY)"
"CHELLA-SINGLE-SINGLES-1706","singles_1706.jpg","single","Meowth ex #121 - Near Mint","Perfect Order","150","2026-07-16 22:55:35","Auto-tracked when export CSV was generated (NEW_ONLY)"
"CHELLA-SINGLE-SINGLES-1716","singles_1716.jpg","single","Mega Clefable ex #119 - Near Mint","Perfect Order","65","2026-07-16 22:55:35","Auto-tracked when export CSV was generated (NEW_ONLY)"
"CHELLA-SINGLE-SINGLES-1720","singles_1720.jpg","single","Mega Greninja ex #100 - Near Mint","Chaos Rising","18","2026-07-16 22:55:35","Auto-tracked when export CSV was generated (NEW_ONLY)"
"CHELLA-SINGLE-SINGLES-1728","singles_1728.jpg","single","Bulbasaur #166/165 - Japanese - Near Mint","151","25","2026-07-16 22:55:35","Auto-tracked when export CSV was generated (NEW_ONLY)"
"CHELLA-SINGLE-SINGLES-1732","singles_1732.jpg","single","Blaziken #192 - Near Mint","Destined Rivals","12","2026-07-16 22:55:35","Auto-tracked when export CSV was generated (NEW_ONLY)"
"CHELLA-SINGLE-SINGLES-1734","singles_1734.jpg","single","Wailord #162 - Near Mint","Journey Together","18","2026-07-16 22:55:35","Auto-tracked when export CSV was generated (NEW_ONLY)"
"CHELLA-SINGLE-SINGLES-1736","singles_1736.jpg","single","Team Rocket's Houndoom #191 - Near Mint","Destined Rivals","18","2026-07-16 22:55:35","Auto-tracked when export CSV was generated (NEW_ONLY)"
"CHELLA-SINGLE-SINGLES-1740","singles_1740.jpg","single","Deoxys VSTAR #GG46 - Near Mint","Crown Zenith Galarian Gallery","60","2026-07-16 22:55:35","Auto-tracked when export CSV was generated (NEW_ONLY)"
"CHELLA-SINGLE-SINGLES-1742","singles_1742.jpg","single","Galarian Perrserker V #184 - Near Mint","Lost Origin","22","2026-07-16 22:55:35","Auto-tracked when export CSV was generated (NEW_ONLY)"
"CHELLA-SINGLE-SINGLES-1752","singles_1752.jpg","single","Mew VMAX #114 - Near Mint","Fusion Strike","20","2026-07-16 22:55:35","Auto-tracked when export CSV was generated (NEW_ONLY)"
"CHELLA-SINGLE-SINGLES-1754","singles_1754.jpg","single","Birthday Pikachu #24 - Near Mint","Celebrations: Classic Collection","35","2026-07-16 22:55:35","Auto-tracked when export CSV was generated (NEW_ONLY)"
"CHELLA-SINGLE-SINGLES-1760","singles_1760.jpg","single","Charizard #TG03 - Near Mint","Lost Origin Trainer Gallery","35","2026-07-16 22:55:35","Auto-tracked when export CSV was generated (NEW_ONLY)"
"CHELLA-SINGLE-SINGLES-1762","singles_1762.jpg","single","Pikachu #TG05 - Near Mint","Lost Origin Trainer Gallery","60","2026-07-16 22:55:35","Auto-tracked when export CSV was generated (NEW_ONLY)"
"CHELLA-SINGLE-SINGLES-1764","singles_1764.jpg","single","Pikachu #TG05 - Near Mint","Lost Origin Trainer Gallery","60","2026-07-16 22:55:35","Auto-tracked when export CSV was generated (NEW_ONLY)"
"CHELLA-SINGLE-SINGLES-1770","singles_1770.jpg","single","Zekrom #TG05 - Near Mint","Brilliant Stars Trainer Gallery","15","2026-07-16 22:55:35","Auto-tracked when export CSV was generated (NEW_ONLY)"
"CHELLA-SINGLE-SINGLES-1776","singles_1776.jpg","single","Jolteon #TG04 - Near Mint","Brilliant Stars Trainer Gallery","20","2026-07-16 22:55:35","Auto-tracked when export CSV was generated (NEW_ONLY)"
"CHELLA-SINGLE-SINGLES-1778","singles_1778.jpg","single","Jolteon #TG04 - Near Mint","Brilliant Stars Trainer Gallery","20","2026-07-16 22:55:35","Auto-tracked when export CSV was generated (NEW_ONLY)"
"CHELLA-SINGLE-SINGLES-1784","singles_1784.jpg","single","Flareon #TG01 - Near Mint","Brilliant Stars Trainer Gallery","24","2026-07-16 22:55:35","Auto-tracked when export CSV was generated (NEW_ONLY)"
"CHELLA-SINGLE-SINGLES-1786","singles_1786.jpg","single","Flareon #TG01 - Near Mint","Brilliant Stars Trainer Gallery","24","2026-07-16 22:55:35","Auto-tracked when export CSV was generated (NEW_ONLY)"
"CHELLA-SINGLE-SINGLES-1788","singles_1788.jpg","single","Flareon #TG01 - Near Mint","Brilliant Stars Trainer Gallery","24","2026-07-16 22:55:35","Auto-tracked when export CSV was generated (NEW_ONLY)"
"CHELLA-SINGLE-SINGLES-1790","singles_1790.jpg","single","Eevee #TG11 - Near Mint","Brilliant Stars Trainer Gallery","22","2026-07-16 22:55:35","Auto-tracked when export CSV was generated (NEW_ONLY)"
"CHELLA-SEALED-SEALED-0001","sealed_0001.jpg","sealed","Elite Trainer Box","Shining Legends","1200","2026-07-16 22:55:35","Auto-tracked when export CSV was generated (NEW_ONLY)"
"CHELLA-SEALED-SEALED-0002","sealed_0002.jpg","sealed","Ultra Premium Collection Box","Celebrations 25","1300","2026-07-16 22:55:35","Auto-tracked when export CSV was generated (NEW_ONLY)"
"CHELLA-GRADED-IMG709","img709.jpg","graded","Misty's Gyarados #13/132 - 1st Edition - PSA 8","Gym Challenge","600","2026-07-16 22:55:35","Auto-tracked when export CSV was generated (NEW_ONLY)"
"CHELLA-GRADED-IMG710","img710.jpg","graded","Gyarados EX #114/122 - BGS 9","BREAKpoint","200","2026-07-16 22:55:35","Auto-tracked when export CSV was generated (NEW_ONLY)"
"CHELLA-GRADED-IMG711","img711.jpg","graded","Blastoise & Piplup GX #214/236 - CGC 9","Cosmic Eclipse","110","2026-07-16 22:55:35","Auto-tracked when export CSV was generated (NEW_ONLY)"
"CHELLA-GRADED-IMG712","img712.jpg","graded","Trio Birds Booster Pack - PSA 8","Hidden Fates","90","2026-07-16 22:55:35","Auto-tracked when export CSV was generated (NEW_ONLY)"
"CHELLA-SINGLE-SINGLES-1642","singles_1642.jpg","single","Squirtle #95 - Reverse Holofoil - Moderately Played","Legendary Collection","450","2026-07-16 22:55:35","Auto-tracked when export CSV was generated (NEW_ONLY)"
"CHELLA-SINGLE-SINGLES-1646","singles_1646.jpg","single","Caterpie #69 - Reverse Holofoil - Moderately Played","Legendary Collection","250","2026-07-16 22:55:35","Auto-tracked when export CSV was generated (NEW_ONLY)"
"CHELLA-SINGLE-SINGLES-1648","singles_1648.jpg","single","Mega Clefable ex #103 - Near Mint","Perfect Order","7","2026-07-16 22:55:35","Auto-tracked when export CSV was generated (NEW_ONLY)"
"CHELLA-SINGLE-SINGLES-1652","singles_1652.jpg","single","Umbreon VMAX #048/069 - Korean - Near Mint","Eevee Heroes","5","2026-07-16 22:55:35","Auto-tracked when export CSV was generated (NEW_ONLY)"
"CHELLA-SINGLE-SINGLES-1654","singles_1654.jpg","single","Umbreon VMAX #048/069 - Korean - Near Mint","Eevee Heroes","5","2026-07-16 22:55:35","Auto-tracked when export CSV was generated (NEW_ONLY)"
"CHELLA-SINGLE-SINGLES-1656","singles_1656.jpg","single","Umbreon VMAX #048/069 - Korean - Near Mint","Eevee Heroes","5","2026-07-16 22:55:35","Auto-tracked when export CSV was generated (NEW_ONLY)"
"CHELLA-SINGLE-SINGLES-1658","singles_1658.jpg","single","Umbreon VMAX #048/069 - Korean - Near Mint","Eevee Heroes","5","2026-07-16 22:55:35","Auto-tracked when export CSV was generated (NEW_ONLY)"
"CHELLA-SINGLE-SINGLES-1660","singles_1660.jpg","single","Incineroar GX #082/173 - Near Mint","Tag Team All Stars GX","3","2026-07-16 22:55:35","Auto-tracked when export CSV was generated (NEW_ONLY)"
"CHELLA-SINGLE-SINGLES-1662","singles_1662.jpg","single","Incineroar GX #082/173 - Near Mint","Tag Team All Stars GX","3","2026-07-16 22:55:35","Auto-tracked when export CSV was generated (NEW_ONLY)"
"CHELLA-SINGLE-SINGLES-1664","singles_1664.jpg","single","Alolan Ninetales GX #068/151 - Chinese - Near Mint","Tag Team All Stars GX","6","2026-07-16 22:55:35","Auto-tracked when export CSV was generated (NEW_ONLY)"
"CHELLA-SINGLE-SINGLES-1668","singles_1668.jpg","single","Dragonite GX #112/150 - Chinese - Near Mint","Shining Synergy Shower","5","2026-07-16 22:55:35","Auto-tracked when export CSV was generated (NEW_ONLY)"
"CHELLA-SINGLE-SINGLES-1670","singles_1670.jpg","single","Dawn Wings Necrozma GX #049/150 - Chinese - Near Mint","Ultra Shiny","3","2026-07-16 22:55:35","Auto-tracked when export CSV was generated (NEW_ONLY)"
"CHELLA-SINGLE-SINGLES-1672","singles_1672.jpg","single","Lunala GX #057/151 - Chinese - Near Mint","Ultra Shiny","3","2026-07-16 22:55:35","Auto-tracked when export CSV was generated (NEW_ONLY)"
"CHELLA-SINGLE-SINGLES-1674","singles_1674.jpg","single","Naganadel GX #052/150 - Near Mint","Ultra Shiny","3","2026-07-16 22:55:35","Auto-tracked when export CSV was generated (NEW_ONLY)"
"CHELLA-SINGLE-SINGLES-1678","singles_1678.jpg","single","Ultra Necrozma GX #069/094 - Near Mint","Forbidden Light","4","2026-07-16 22:55:35","Auto-tracked when export CSV was generated (NEW_ONLY)"
"CHELLA-SINGLE-SINGLES-1680","singles_1680.jpg","single","Keldeo GX #036/173 - Near Mint","Tag Team All Stars GX","3","2026-07-16 22:55:35","Auto-tracked when export CSV was generated (NEW_ONLY)"
"CHELLA-SINGLE-SINGLES-1682","singles_1682.jpg","single","Lurantis GX #006/060 - Near Mint","Collection Moon","2","2026-07-16 22:55:35","Auto-tracked when export CSV was generated (NEW_ONLY)"
"CHELLA-SINGLE-SINGLES-1684","singles_1684.jpg","single","Machamp #68 - Rainbow Foil - Lightly Played","Topps","15","2026-07-16 22:55:35","Auto-tracked when export CSV was generated (NEW_ONLY)"
"CHELLA-SINGLE-SINGLES-1686","singles_1686.jpg","single","Torchic #77 - Lightly Played","Advanced Challenge","8","2026-07-16 22:55:35","Auto-tracked when export CSV was generated (NEW_ONLY)"
"CHELLA-SINGLE-SINGLES-1688","singles_1688.jpg","single","Switch #209/165 - Near Mint","Scarlet & Violet","20","2026-07-16 22:55:35","Auto-tracked when export CSV was generated (NEW_ONLY)"
"CHELLA-SINGLE-SINGLES-1690","singles_1690.jpg","single","V Guard Energy #094/068 - Near Mint","Incandescent Arcana","5","2026-07-16 22:55:35","Auto-tracked when export CSV was generated (NEW_ONLY)"
"CHELLA-SINGLE-SINGLES-1692","singles_1692.jpg","single","Energy Switch #093/068 - Near Mint","Incandescent Arcana","7","2026-07-16 22:55:35","Auto-tracked when export CSV was generated (NEW_ONLY)"
"CHELLA-SINGLE-SINGLES-1694","singles_1694.jpg","single","Fighting Energy #FIG - Near Mint","Classic Collection","3","2026-07-16 22:55:35","Auto-tracked when export CSV was generated (NEW_ONLY)"
"CHELLA-SINGLE-SINGLES-1696","singles_1696.jpg","single","Ludicolo #021/ADV-P - Near Mint","7-11 Promo","20","2026-07-16 22:55:35","Auto-tracked when export CSV was generated (NEW_ONLY)"
"CHELLA-SINGLE-SINGLES-1614","singles_1614.jpg","single","Lapras #25 - 1st Edition - Near Mint","Fossil","30","2026-07-16 22:55:35","Auto-tracked when export CSV was generated (NEW_ONLY)"
"CHELLA-SINGLE-SINGLES-1618","singles_1618.jpg","single","Lillie's Determination #169 - Near Mint","Mega Evolution","25","2026-07-16 22:55:35","Auto-tracked when export CSV was generated (NEW_ONLY)"
"CHELLA-SINGLE-SINGLES-1620","singles_1620.jpg","single","Dawn #118 - Near Mint","Phantasmal Flames","7","2026-07-16 22:55:35","Auto-tracked when export CSV was generated (NEW_ONLY)"
"CHELLA-SINGLE-SINGLES-1624","singles_1624.jpg","single","Galarian Perrserker V #184 - Near Mint","Lost Origin","23","2026-07-16 22:55:35","Auto-tracked when export CSV was generated (NEW_ONLY)"
"CHELLA-SINGLE-SINGLES-1626","singles_1626.jpg","single","Zeraora V #TG16 - Near Mint","Silver Tempest Trainer Gallery","13","2026-07-16 22:55:35","Auto-tracked when export CSV was generated (NEW_ONLY)"
"CHELLA-SINGLE-SINGLES-1630","singles_1630.jpg","single","Centiskorch VMAX #TG15 - Near Mint","Lost Origin Trainer Gallery","8","2026-07-16 22:55:35","Auto-tracked when export CSV was generated (NEW_ONLY)"
"CHELLA-SINGLE-SINGLES-1632","singles_1632.jpg","single","Snorunt #188 - Near Mint","Paradox Rift","10","2026-07-16 22:55:35","Auto-tracked when export CSV was generated (NEW_ONLY)"
"CHELLA-SINGLE-SINGLES-1634","singles_1634.jpg","single","Ditto #GG22 - Near Mint","Crown Zenith Galarian Gallery","20","2026-07-16 22:55:35","Auto-tracked when export CSV was generated (NEW_ONLY)"
"CHELLA-SINGLE-SINGLES-1640","singles_1640.jpg","single","Ditto ◇ #154 - Near Mint","Lost Thunder","20","2026-07-16 22:55:35","Auto-tracked when export CSV was generated (NEW_ONLY)"
"CHELLA-GRADED-IMG663","img663.jpg","graded","Erika's Tangela #218/217 - PSA 10","Ascended Heroes","250","2026-07-16 22:55:35","Auto-tracked when export CSV was generated (NEW_ONLY)"
"CHELLA-GRADED-IMG666","img666.jpg","graded","N's Zekrom #031 - PSA 9","Ascended Heroes","50","2026-07-16 22:55:35","Auto-tracked when export CSV was generated (NEW_ONLY)"
"CHELLA-GRADED-IMG667","img667.jpg","graded","Gyarados #027/068 - CGC 6.5","Mysterious Mountains","100","2026-07-16 22:55:35","Auto-tracked when export CSV was generated (NEW_ONLY)"
"CHELLA-GRADED-IMG669","img669.jpg","graded","Giovanni's Exile #67/68 - PSA 10","Hidden Fates","55","2026-07-16 22:55:35","Auto-tracked when export CSV was generated (NEW_ONLY)"
"CHELLA-GRADED-IMG674","img674.jpg","graded","Venusaur #002 - Thai - PSA 10","25th Anniversary","120","2026-07-16 22:55:35","Auto-tracked when export CSV was generated (NEW_ONLY)"
"CHELLA-GRADED-IMG682","img682.jpg","graded","Moltres #146 - PSA 7","Fossil","90","2026-07-16 22:55:35","Auto-tracked when export CSV was generated (NEW_ONLY)"
"CHELLA-GRADED-IMG684","img684.jpg","graded","Rainbow Energy - PSA 9","VS Series","50","2026-07-16 22:55:35","Auto-tracked when export CSV was generated (NEW_ONLY)"
"CHELLA-GRADED-IMG686","img686.jpg","graded","Nidoqueen #7/64 - PSA 7","Jungle Set","70","2026-07-16 22:55:35","Auto-tracked when export CSV was generated (NEW_ONLY)"
"CHELLA-GRADED-IMG687","img687.jpg","graded","Chansey #3/102 - PSA 8","Base Set","80","2026-07-16 22:55:35","Auto-tracked when export CSV was generated (NEW_ONLY)"
"CHELLA-GRADED-IMG692","img692.jpg","graded","Weezing #110 - CGC 8.5","Fossil","15","2026-07-16 22:55:35","Auto-tracked when export CSV was generated (NEW_ONLY)"
"CHELLA-GRADED-IMG698","img698.jpg","graded","Butterfree Chrome #12 - PSA 8","Topps","20","2026-07-16 22:55:35","Auto-tracked when export CSV was generated (NEW_ONLY)"
"CHELLA-GRADED-IMG699","img699.jpg","graded","Vileplume Chrome #45 - PSA 7","Topps","25","2026-07-16 22:55:35","Auto-tracked when export CSV was generated (NEW_ONLY)"
"CHELLA-GRADED-IMG706","img706.jpg","graded","Master Ball #153 - PSA 9","Temporal Forces","15","2026-07-16 22:55:35","Auto-tracked when export CSV was generated (NEW_ONLY)"
"CHELLA-GRADED-IMG707","img707.jpg","graded","Arcanine ex #016/078 - CGC 9.5","Scarlet & Violet","10","2026-07-16 22:55:35","Auto-tracked when export CSV was generated (NEW_ONLY)"
"CHELLA-SINGLE-SINGLES-1982","singles_1982.jpg","single","Light Ninetales #50 - Lightly Played","Neo Destiny","20","2026-07-27 20:03:05","Auto-tracked when export CSV was generated (NEW_ONLY)"
"CHELLA-SINGLE-SINGLES-1984","singles_1984.jpg","single","Light Flareon #46 - Lightly Played","Neo Destiny","25","2026-07-27 20:03:05","Auto-tracked when export CSV was generated (NEW_ONLY)"
"CHELLA-SINGLE-SINGLES-2002","singles_2002.jpg","single","Pikachu #70 - Damaged","Neo Genesis","2","2026-07-27 20:03:05","Auto-tracked when export CSV was generated (NEW_ONLY)"
"CHELLA-SINGLE-SINGLES-2004","singles_2004.jpg","single","Pikachu #60 - Moderately Played","Jungle","1","2026-07-27 20:03:05","Auto-tracked when export CSV was generated (NEW_ONLY)"
"CHELLA-SINGLE-SINGLES-2006","singles_2006.jpg","single","Pikachu #TG05 - Near Mint","Lost Origin Trainer Gallery","55","2026-07-27 20:03:05","Auto-tracked when export CSV was generated (NEW_ONLY)"
"CHELLA-SINGLE-SINGLES-2008","singles_2008.jpg","single","Dedenne #TG07 - Near Mint","Brilliant Stars Trainer Gallery","8","2026-07-27 20:03:05","Auto-tracked when export CSV was generated (NEW_ONLY)"
"CHELLA-SINGLE-SINGLES-2010","singles_2010.jpg","single","Spiritomb #TG09 - Near Mint","Lost Origin Trainer Gallery","3","2026-07-27 20:03:05","Auto-tracked when export CSV was generated (NEW_ONLY)"
"CHELLA-SINGLE-SINGLES-2012","singles_2012.jpg","single","Starmie #119 - Near Mint","Paldean Fates","9","2026-07-27 20:03:05","Auto-tracked when export CSV was generated (NEW_ONLY)"
"CHELLA-SINGLE-SINGLES-2014","singles_2014.jpg","single","Torchic #73 - Reverse Holofoil - Lightly Played","Ruby & Sapphire","12","2026-07-27 20:03:05","Auto-tracked when export CSV was generated (NEW_ONLY)"
"CHELLA-SINGLE-SINGLES-2026","singles_2026.jpg","single","Koffing #114 - Near Mint","Expedition Base Set","5","2026-07-27 20:03:05","Auto-tracked when export CSV was generated (NEW_ONLY)"
"CHELLA-SINGLE-SINGLES-2028","singles_2028.jpg","single","Koffing #114 - Lightly Played","Expedition Base Set","3","2026-07-27 20:03:05","Auto-tracked when export CSV was generated (NEW_ONLY)"
"CHELLA-SINGLE-SINGLES-2034","singles_2034.jpg","single","Voltorb #115 - Moderately Played","Aquapolis","3","2026-07-27 20:03:05","Auto-tracked when export CSV was generated (NEW_ONLY)"
"CHELLA-SINGLE-SINGLES-2038","singles_2038.jpg","single","Poliwag #125 - Near Mint","Expedition Base Set","15","2026-07-27 20:03:05","Auto-tracked when export CSV was generated (NEW_ONLY)"
"CHELLA-SINGLE-SINGLES-2040","singles_2040.jpg","single","Krabby #115 - Near Mint","Expedition Base Set","3","2026-07-27 20:03:05","Auto-tracked when export CSV was generated (NEW_ONLY)"
"CHELLA-SINGLE-SINGLES-2042","singles_2042.jpg","single","Goldeen #111 - Near Mint","Expedition Base Set","3","2026-07-27 20:03:05","Auto-tracked when export CSV was generated (NEW_ONLY)"
"CHELLA-SINGLE-SINGLES-2044","singles_2044.jpg","single","Numel #69 - Near Mint","Dragon","1","2026-07-27 20:03:05","Auto-tracked when export CSV was generated (NEW_ONLY)"
"CHELLA-SINGLE-SINGLES-2046","singles_2046.jpg","single","Numel #69 - Near Mint","Dragon","1","2026-07-27 20:03:05","Auto-tracked when export CSV was generated (NEW_ONLY)"
"CHELLA-SINGLE-SINGLES-2050","singles_2050.jpg","single","Power Charge #147 - Lightly Played","Expedition Base Set","1","2026-07-27 20:03:05","Auto-tracked when export CSV was generated (NEW_ONLY)"
"CHELLA-SINGLE-SINGLES-2052","singles_2052.jpg","single","Energy Search #153 - Lightly Played","Expedition Base Set","1","2026-07-27 20:03:05","Auto-tracked when export CSV was generated (NEW_ONLY)"
"CHELLA-SINGLE-SINGLES-2054","singles_2054.jpg","single","Full Heal #154 - Near Mint","Expedition Base Set","1","2026-07-27 20:03:05","Auto-tracked when export CSV was generated (NEW_ONLY)"
"CHELLA-SINGLE-SINGLES-2056","singles_2056.jpg","single","Potion #156 - Lightly Played","Expedition Base Set","1","2026-07-27 20:03:05","Auto-tracked when export CSV was generated (NEW_ONLY)"
"CHELLA-SINGLE-SINGLES-2064","singles_2064.jpg","single","Light Dewgong #45 - Lightly Played","Neo Destiny","3","2026-07-27 20:03:05","Auto-tracked when export CSV was generated (NEW_ONLY)"
"CHELLA-SINGLE-SINGLES-2066","singles_2066.jpg","single","Light Lanturn #23 - Near Mint","Neo Destiny","10","2026-07-27 20:03:05","Auto-tracked when export CSV was generated (NEW_ONLY)"
"CHELLA-SINGLE-SINGLES-2068","singles_2068.jpg","single","Light Sunflora #72 - Damaged","Neo Destiny","1","2026-07-27 20:03:05","Auto-tracked when export CSV was generated (NEW_ONLY)"
"CHELLA-SINGLE-SINGLES-2070","singles_2070.jpg","single","Dark Ariados #17 - Moderately Played","Neo Destiny","4","2026-07-27 20:03:05","Auto-tracked when export CSV was generated (NEW_ONLY)"
"CHELLA-SINGLE-SINGLES-2072","singles_2072.jpg","single","Dark Octillery #62 - Lightly Played","Neo Destiny","2","2026-07-27 20:03:05","Auto-tracked when export CSV was generated (NEW_ONLY)"
"CHELLA-SINGLE-SINGLES-2074","singles_2074.jpg","single","Sabrina's Slowbro #60 - Moderately Played","Gym Heroes","3","2026-07-27 20:03:05","Auto-tracked when export CSV was generated (NEW_ONLY)"
"CHELLA-SINGLE-SINGLES-2076","singles_2076.jpg","single","Misty's Psyduck #54 - Lightly Played","Gym Heroes","4","2026-07-27 20:03:05","Auto-tracked when export CSV was generated (NEW_ONLY)"
"CHELLA-SINGLE-SINGLES-2078","singles_2078.jpg","single","Haunter #46 - Near Mint","Legendary Collection","7","2026-07-27 20:03:05","Auto-tracked when export CSV was generated (NEW_ONLY)"
"CHELLA-SINGLE-SINGLES-2080","singles_2080.jpg","single","Hypno #25 - Lightly Played","Legendary Collection","3","2026-07-27 20:03:05","Auto-tracked when export CSV was generated (NEW_ONLY)"
"CHELLA-SINGLE-SINGLES-2082","singles_2082.jpg","single","Magneton #28 - Near Mint","Legendary Collection","4","2026-07-27 20:03:05","Auto-tracked when export CSV was generated (NEW_ONLY)"
"CHELLA-SINGLE-SINGLES-2084","singles_2084.jpg","single","Pikachu #86 - Near Mint","Legendary Collection","7","2026-07-27 20:03:05","Auto-tracked when export CSV was generated (NEW_ONLY)"
"CHELLA-SINGLE-SINGLES-2086","singles_2086.jpg","single","Eevee #74 - Near Mint","Legendary Collection","5","2026-07-27 20:03:05","Auto-tracked when export CSV was generated (NEW_ONLY)"
"CHELLA-SINGLE-SINGLES-2088","singles_2088.jpg","single","Dratini #72 - Lightly Played","Legendary Collection","1","2026-07-27 20:03:05","Auto-tracked when export CSV was generated (NEW_ONLY)"
"CHELLA-SINGLE-SINGLES-2090","singles_2090.jpg","single","Brock's Onix #69 - 1st Edition - Near Mint","Gym Heroes","6","2026-07-27 20:03:05","Auto-tracked when export CSV was generated (NEW_ONLY)"
"CHELLA-SINGLE-SINGLES-2092","singles_2092.jpg","single","Blaine's Growlithe #35 - 1st Edition - Near Mint","Gym Heroes","20","2026-07-27 20:03:05","Auto-tracked when export CSV was generated (NEW_ONLY)"
"CHELLA-SINGLE-SINGLES-2094","singles_2094.jpg","single","Misty's Horsea #86 - 1st Edition - Lightly Played","Gym Heroes","2","2026-07-27 20:03:05","Auto-tracked when export CSV was generated (NEW_ONLY)"
"CHELLA-SINGLE-SINGLES-2100","singles_2100.jpg","single","Pokémon Tower #42 - Near Mint","Wizards Black Star Promos","15","2026-07-27 20:03:05","Auto-tracked when export CSV was generated (NEW_ONLY)"
"CHELLA-SINGLE-SINGLES-2102","singles_2102.jpg","single","Pikachu V-UNION #SWSH139 - Near Mint","SWSH Black Star Promos","8","2026-07-27 20:03:05","Auto-tracked when export CSV was generated (NEW_ONLY)"
"CHELLA-SINGLE-SINGLES-2110","singles_2110.jpg","single","Sonia #203 - Near Mint","Rebel Clash","14","2026-07-27 20:03:05","Auto-tracked when export CSV was generated (NEW_ONLY)"
"CHELLA-SINGLE-SINGLES-2112","singles_2112.jpg","single","Kamado #205 - Near Mint","Astral Radiance","5","2026-07-27 20:03:05","Auto-tracked when export CSV was generated (NEW_ONLY)"
"CHELLA-SINGLE-SINGLES-2114","singles_2114.jpg","single","Adaman #199 - Near Mint","Astral Radiance","6","2026-07-27 20:03:05","Auto-tracked when export CSV was generated (NEW_ONLY)"
"CHELLA-SINGLE-SINGLES-2116","singles_2116.jpg","single","Marnie's Pride #171 - Near Mint","Brilliant Stars","12","2026-07-27 20:03:05","Auto-tracked when export CSV was generated (NEW_ONLY)"
"CHELLA-SINGLE-SINGLES-2118","singles_2118.jpg","single","Professor's Research (Professor Oak) #24 - Near Mint","Celebrations","2","2026-07-27 20:03:05","Auto-tracked when export CSV was generated (NEW_ONLY)"
"CHELLA-SINGLE-SINGLES-2120","singles_2120.jpg","single","Judge #228 - Near Mint","Paldean Fates","2","2026-07-27 20:03:05","Auto-tracked when export CSV was generated (NEW_ONLY)"
"CHELLA-SINGLE-SINGLES-2122","singles_2122.jpg","single","Barry #167 - Near Mint","Brilliant Stars","2","2026-07-27 20:03:05","Auto-tracked when export CSV was generated (NEW_ONLY)"
"CHELLA-SINGLE-SINGLES-2124","singles_2124.jpg","single","Drayton #232 - Near Mint","Surging Sparks","2","2026-07-27 20:03:05","Auto-tracked when export CSV was generated (NEW_ONLY)"
"CHELLA-SINGLE-SINGLES-2128","singles_2128.jpg","single","Radiant Greninja #46 - Near Mint","Astral Radiance","5","2026-07-27 20:03:05","Auto-tracked when export CSV was generated (NEW_ONLY)"
"CHELLA-SINGLE-SINGLES-2130","singles_2130.jpg","single","Kyogre #21 - Near Mint","Shining Fates","4","2026-07-27 20:03:05","Auto-tracked when export CSV was generated (NEW_ONLY)"
"CHELLA-SINGLE-SINGLES-2132","singles_2132.jpg","single","Claydol #15 - Near Mint","Celebrations: Classic Collection","1","2026-07-27 20:03:05","Auto-tracked when export CSV was generated (NEW_ONLY)"
"CHELLA-SINGLE-SINGLES-2136","singles_2136.jpg","single","Light Toxtricity #SWSH137 - Near Mint","SWSH Black Star Promos","6","2026-07-27 20:03:05","Auto-tracked when export CSV was generated (NEW_ONLY)"
"CHELLA-SINGLE-SINGLES-2138","singles_2138.jpg","single","Dark Sylveon V #SWSH134 - Near Mint","SWSH Black Star Promos","8","2026-07-27 20:03:05","Auto-tracked when export CSV was generated (NEW_ONLY)"
"CHELLA-SINGLE-SINGLES-2144","singles_2144.jpg","single","Pikachu V #SWSH061 - Near Mint","SWSH Black Star Promos","2","2026-07-27 20:03:05","Auto-tracked when export CSV was generated (NEW_ONLY)"
"CHELLA-SINGLE-SINGLES-2146","singles_2146.jpg","single","Pikachu V #SWSH061 - Near Mint","SWSH Black Star Promos","2","2026-07-27 20:03:05","Auto-tracked when export CSV was generated (NEW_ONLY)"
"CHELLA-SINGLE-SINGLES-2148","singles_2148.jpg","single","Regieleki V #SWSH280 - Near Mint","SWSH Black Star Promos","1","2026-07-27 20:03:05","Auto-tracked when export CSV was generated (NEW_ONLY)"
"CHELLA-SINGLE-SINGLES-2150","singles_2150.jpg","single","Regieleki V #SWSH280 - Near Mint","SWSH Black Star Promos","1","2026-07-27 20:03:05","Auto-tracked when export CSV was generated (NEW_ONLY)"
"CHELLA-SINGLE-SINGLES-2152","singles_2152.jpg","single","Grimmsnarl V #SWSH057 - Near Mint","SWSH Black Star Promos","1","2026-07-27 20:03:05","Auto-tracked when export CSV was generated (NEW_ONLY)"
"CHELLA-SINGLE-SINGLES-2154","singles_2154.jpg","single","Regidrago V #SWSH281 - Near Mint","SWSH Black Star Promos","1","2026-07-27 20:03:05","Auto-tracked when export CSV was generated (NEW_ONLY)"
"CHELLA-SINGLE-SINGLES-2156","singles_2156.jpg","single","Virizion V #SWSH295 - Near Mint","SWSH Black Star Promos","1","2026-07-27 20:03:05","Auto-tracked when export CSV was generated (NEW_ONLY)"
"CHELLA-SINGLE-SINGLES-2158","singles_2158.jpg","single","Morpeko V #SWSH056 - Near Mint","SWSH Black Star Promos","2","2026-07-27 20:03:05","Auto-tracked when export CSV was generated (NEW_ONLY)"
"CHELLA-SINGLE-SINGLES-2160","singles_2160.jpg","single","Infernape V #SWSH252 - Near Mint","SWSH Black Star Promos","2","2026-07-27 20:03:05","Auto-tracked when export CSV was generated (NEW_ONLY)"
"CHELLA-SINGLE-SINGLES-2162","singles_2162.jpg","single","Ice Rider Calyrex V #SWSH130 - Near Mint","SWSH Black Star Promos","1","2026-07-27 20:03:05","Auto-tracked when export CSV was generated (NEW_ONLY)"
"CHELLA-SINGLE-SINGLES-2164","singles_2164.jpg","single","Zamazenta V #SWSH019 - Near Mint","SWSH Black Star Promos","1","2026-07-27 20:03:05","Auto-tracked when export CSV was generated (NEW_ONLY)"
"CHELLA-SINGLE-SINGLES-2166","singles_2166.jpg","single","Zacian V #SWSH018 - Near Mint","SWSH Black Star Promos","1","2026-07-27 20:03:05","Auto-tracked when export CSV was generated (NEW_ONLY)"
"CHELLA-SINGLE-SINGLES-2168","singles_2168.jpg","single","Alolan Exeggutor V #SWSH225 - Near Mint","SWSH Black Star Promos","1","2026-07-27 20:03:05","Auto-tracked when export CSV was generated (NEW_ONLY)"
"CHELLA-SINGLE-SINGLES-2170","singles_2170.jpg","single","Hisuian Typhlosion V #169 - Near Mint","Astral Radiance","5","2026-07-27 20:03:05","Auto-tracked when export CSV was generated (NEW_ONLY)"
"CHELLA-SINGLE-SINGLES-2172","singles_2172.jpg","single","Hisuian Sneasler V #174 - Near Mint","Astral Radiance","6","2026-07-27 20:03:05","Auto-tracked when export CSV was generated (NEW_ONLY)"
"CHELLA-SINGLE-SINGLES-2174","singles_2174.jpg","single","Hisuian Samurott V #176 - Near Mint","Astral Radiance","3","2026-07-27 20:03:05","Auto-tracked when export CSV was generated (NEW_ONLY)"
"CHELLA-SINGLE-SINGLES-2176","singles_2176.jpg","single","Toxicroak ex #232 - Near Mint","Scarlet & Violet","2","2026-07-27 20:03:05","Auto-tracked when export CSV was generated (NEW_ONLY)"
"CHELLA-SINGLE-SINGLES-2178","singles_2178.jpg","single","Toxtricity V #SV112 - Near Mint","Shining Fates Shiny Vault","2","2026-07-27 20:03:05","Auto-tracked when export CSV was generated (NEW_ONLY)"
"CHELLA-SINGLE-SINGLES-2180","singles_2180.jpg","single","Carbink BREAK #51 - Near Mint","Fates Collide","3","2026-07-27 20:03:05","Auto-tracked when export CSV was generated (NEW_ONLY)"
"CHELLA-SINGLE-SINGLES-2182","singles_2182.jpg","single","Altaria #74 - Heavily Played","Roaring Skies","1","2026-07-27 20:03:05","Auto-tracked when export CSV was generated (NEW_ONLY)"
"CHELLA-SINGLE-SINGLES-2184","singles_2184.jpg","single","Surfing Pikachu V #8 - Near Mint","Celebrations","5","2026-07-27 20:03:05","Auto-tracked when export CSV was generated (NEW_ONLY)"
"CHELLA-SINGLE-SINGLES-2186","singles_2186.jpg","single","Pikachu #28 - Near Mint","Shining Legends","12","2026-07-27 20:03:05","Auto-tracked when export CSV was generated (NEW_ONLY)"
"CHELLA-SINGLE-SINGLES-2188","singles_2188.jpg","single","Electrike #7 - Lightly Played","McDonald's Collection 2015","2","2026-07-27 20:03:05","Auto-tracked when export CSV was generated (NEW_ONLY)"
"CHELLA-SINGLE-SINGLES-2190","singles_2190.jpg","single","Servine #1 - Near Mint","McDonald's Collection 2012","10","2026-07-27 20:03:05","Auto-tracked when export CSV was generated (NEW_ONLY)"
"CHELLA-SINGLE-SINGLES-2192","singles_2192.jpg","single","Maractus #2 - Near Mint","McDonald's Collection 2011","6","2026-07-27 20:03:05","Auto-tracked when export CSV was generated (NEW_ONLY)"
"CHELLA-SINGLE-SINGLES-2194","singles_2194.jpg","single","Hydreigon C #SWSH138 - Near Mint","SWSH Black Star Promos","1","2026-07-27 20:03:05","Auto-tracked when export CSV was generated (NEW_ONLY)"
"CHELLA-SINGLE-SINGLES-2196","singles_2196.jpg","single","Charmander #SWSH232 - Near Mint","SWSH Black Star Promos","15","2026-07-27 20:03:05","Auto-tracked when export CSV was generated (NEW_ONLY)"
"CHELLA-SINGLE-SINGLES-2198","singles_2198.jpg","single","Vikavolt #SM208 - Near Mint","SM Black Star Promos","1","2026-07-27 20:03:05","Auto-tracked when export CSV was generated (NEW_ONLY)"
"CHELLA-SINGLE-SINGLES-2200","singles_2200.jpg","single","Eevee #SWSH190 - Near Mint","SWSH Black Star Promos","5","2026-07-27 20:03:05","Auto-tracked when export CSV was generated (NEW_ONLY)"
"CHELLA-SINGLE-SINGLES-2202","singles_2202.jpg","single","Togetic #SWSH276 - Near Mint","SWSH Black Star Promos","2","2026-07-27 20:03:05","Auto-tracked when export CSV was generated (NEW_ONLY)"
"CHELLA-SINGLE-SINGLES-2204","singles_2204.jpg","single","Manaphy #SWSH275 - Near Mint","SWSH Black Star Promos","2","2026-07-27 20:03:05","Auto-tracked when export CSV was generated (NEW_ONLY)"
"CHELLA-SINGLE-SINGLES-1820","singles_1820.jpg","single","Rayquaza V #193 - Near Mint","Evolving Skies","85","2026-07-27 20:03:05","Auto-tracked when export CSV was generated (NEW_ONLY)"
"CHELLA-SINGLE-SINGLES-1824","singles_1824.jpg","single","Gengar VMAX #157 - Near Mint","Fusion Strike","50","2026-07-27 20:03:05","Auto-tracked when export CSV was generated (NEW_ONLY)"
"CHELLA-SINGLE-SINGLES-1826","singles_1826.jpg","single","Charmander #109 - Near Mint","Paldean Fates","60","2026-07-27 20:03:05","Auto-tracked when export CSV was generated (NEW_ONLY)"
"CHELLA-SINGLE-SINGLES-1828","singles_1828.jpg","single","Charmeleon #110 - Near Mint","Paldean Fates","18","2026-07-27 20:03:05","Auto-tracked when export CSV was generated (NEW_ONLY)"
"CHELLA-SINGLE-SINGLES-1830","singles_1830.jpg","single","Greninja V-UNION #SWSH155 - Near Mint","SWSH Black Star Promos","6","2026-07-27 20:03:05","Auto-tracked when export CSV was generated (NEW_ONLY)"
"CHELLA-SINGLE-SINGLES-1832","singles_1832.jpg","single","Greninja V-UNION #SWSH156 - Near Mint","SWSH Black Star Promos","8","2026-07-27 20:03:05","Auto-tracked when export CSV was generated (NEW_ONLY)"
"CHELLA-SINGLE-SINGLES-1834","singles_1834.jpg","single","Greninja V-UNION #SWSH157 - Near Mint","SWSH Black Star Promos","12","2026-07-27 20:03:05","Auto-tracked when export CSV was generated (NEW_ONLY)"
"CHELLA-SINGLE-SINGLES-1836","singles_1836.jpg","single","Greninja V-UNION #SWSH158 - Near Mint","SWSH Black Star Promos","9","2026-07-27 20:03:05","Auto-tracked when export CSV was generated (NEW_ONLY)"
"CHELLA-SINGLE-SINGLES-1838","singles_1838.jpg","single","Swablu #213 - Near Mint","Paradox Rift","30","2026-07-27 20:03:05","Auto-tracked when export CSV was generated (NEW_ONLY)"
"CHELLA-SINGLE-SINGLES-1840","singles_1840.jpg","single","Sudowoodo #219 - Near Mint","Paldea Evolved","32","2026-07-27 20:03:05","Auto-tracked when export CSV was generated (NEW_ONLY)"
"CHELLA-SINGLE-SINGLES-1842","singles_1842.jpg","single","Iron Jugulis #216 - Near Mint","Paradox Rift","12","2026-07-27 20:03:05","Auto-tracked when export CSV was generated (NEW_ONLY)"
"CHELLA-SINGLE-SINGLES-1844","singles_1844.jpg","single","Floragato #197 - Near Mint","Paldea Evolved","22","2026-07-27 20:03:05","Auto-tracked when export CSV was generated (NEW_ONLY)"
"CHELLA-SINGLE-SINGLES-1846","singles_1846.jpg","single","Frigibax #208 - Near Mint","Paldea Evolved","25","2026-07-27 20:03:05","Auto-tracked when export CSV was generated (NEW_ONLY)"
"CHELLA-SINGLE-SINGLES-1848","singles_1848.jpg","single","Spheal #199 - Near Mint","Surging Sparks","11","2026-07-27 20:03:05","Auto-tracked when export CSV was generated (NEW_ONLY)"
"CHELLA-SINGLE-SINGLES-1854","singles_1854.jpg","single","Gulpin #154 - Near Mint","Stellar Crown","14","2026-07-27 20:03:05","Auto-tracked when export CSV was generated (NEW_ONLY)"
"CHELLA-SINGLE-SINGLES-1856","singles_1856.jpg","single","Slakoth #212 - Near Mint","Surging Sparks","14","2026-07-27 20:03:05","Auto-tracked when export CSV was generated (NEW_ONLY)"
"CHELLA-SINGLE-SINGLES-1858","singles_1858.jpg","single","Joltik #150 - Near Mint","Stellar Crown","8","2026-07-27 20:03:05","Auto-tracked when export CSV was generated (NEW_ONLY)"
"CHELLA-SINGLE-SINGLES-1860","singles_1860.jpg","single","Vibrava #206 - Near Mint","Surging Sparks","4","2026-07-27 20:03:05","Auto-tracked when export CSV was generated (NEW_ONLY)"
"CHELLA-SINGLE-SINGLES-1862","singles_1862.jpg","single","Snorunt #188 - Near Mint","Paradox Rift","11","2026-07-27 20:03:05","Auto-tracked when export CSV was generated (NEW_ONLY)"
"CHELLA-SINGLE-SINGLES-1864","singles_1864.jpg","single","Exeggcute #192 - Near Mint","Surging Sparks","9","2026-07-27 20:03:05","Auto-tracked when export CSV was generated (NEW_ONLY)"
"CHELLA-SINGLE-SINGLES-1866","singles_1866.jpg","single","Paldean Wooper #221 - Near Mint","Paldea Evolved","15","2026-07-27 20:03:05","Auto-tracked when export CSV was generated (NEW_ONLY)"
"CHELLA-SINGLE-SINGLES-1868","singles_1868.jpg","single","Heliolisk #177 - Near Mint","Twilight Masquerade","5","2026-07-27 20:03:05","Auto-tracked when export CSV was generated (NEW_ONLY)"
"CHELLA-SINGLE-SINGLES-1870","singles_1870.jpg","single","Lileep #145 - Near Mint","Stellar Crown","9","2026-07-27 20:03:05","Auto-tracked when export CSV was generated (NEW_ONLY)"
"CHELLA-SINGLE-SINGLES-1872","singles_1872.jpg","single","Dolliv #200 - Near Mint","Scarlet & Violet","7","2026-07-27 20:03:05","Auto-tracked when export CSV was generated (NEW_ONLY)"
"CHELLA-SINGLE-SINGLES-1874","singles_1874.jpg","single","Wattrel #178 - Near Mint","Twilight Masquerade","5","2026-07-27 20:03:05","Auto-tracked when export CSV was generated (NEW_ONLY)"
"CHELLA-SINGLE-SINGLES-1876","singles_1876.jpg","single","Cetitan #201 - Near Mint","Surging Sparks","3","2026-07-27 20:03:05","Auto-tracked when export CSV was generated (NEW_ONLY)"
"CHELLA-SINGLE-SINGLES-1878","singles_1878.jpg","single","Cetitan #201 - Near Mint","Surging Sparks","3","2026-07-27 20:03:05","Auto-tracked when export CSV was generated (NEW_ONLY)"
"CHELLA-SINGLE-SINGLES-1880","singles_1880.jpg","single","Cutiefly #172 - Near Mint","Temporal Forces","9","2026-07-27 20:03:05","Auto-tracked when export CSV was generated (NEW_ONLY)"
"CHELLA-SINGLE-SINGLES-1882","singles_1882.jpg","single","Crabominable #149 - Near Mint","Stellar Crown","3","2026-07-27 20:03:05","Auto-tracked when export CSV was generated (NEW_ONLY)"
"CHELLA-SINGLE-SINGLES-1884","singles_1884.jpg","single","Ledian #144 - Near Mint","Stellar Crown","7","2026-07-27 20:03:05","Auto-tracked when export CSV was generated (NEW_ONLY)"
"CHELLA-SINGLE-SINGLES-1886","singles_1886.jpg","single","Milcery #152 - Near Mint","Stellar Crown","19","2026-07-27 20:03:05","Auto-tracked when export CSV was generated (NEW_ONLY)"
"CHELLA-SINGLE-SINGLES-1888","singles_1888.jpg","single","Appletun #211 - Near Mint","Surging Sparks","8","2026-07-27 20:03:05","Auto-tracked when export CSV was generated (NEW_ONLY)"
"CHELLA-SINGLE-SINGLES-1890","singles_1890.jpg","single","Stunfisk #202 - Near Mint","Surging Sparks","3","2026-07-27 20:03:05","Auto-tracked when export CSV was generated (NEW_ONLY)"
"CHELLA-SINGLE-SINGLES-1892","singles_1892.jpg","single","Poltchageist #171 - Near Mint","Twilight Masquerade","6","2026-07-27 20:03:05","Auto-tracked when export CSV was generated (NEW_ONLY)"
"CHELLA-SINGLE-SINGLES-1894","singles_1894.jpg","single","Wugtrio #224 - Near Mint","Paldean Fates","3","2026-07-27 20:03:05","Auto-tracked when export CSV was generated (NEW_ONLY)"
"CHELLA-SINGLE-SINGLES-1896","singles_1896.jpg","single","Varoom #206 - Near Mint","Obsidian Flames","3","2026-07-27 20:03:05","Auto-tracked when export CSV was generated (NEW_ONLY)"
"CHELLA-SINGLE-SINGLES-1900","singles_1900.jpg","single","Meowth VMAX #SWSH005 - Near Mint","SWSH Black Star Promos","12","2026-07-27 20:03:05","Auto-tracked when export CSV was generated (NEW_ONLY)"
"CHELLA-SINGLE-SINGLES-1904","singles_1904.jpg","single","Dedenne ex #239 - Near Mint","Paldea Evolved","15","2026-07-27 20:03:05","Auto-tracked when export CSV was generated (NEW_ONLY)"
"CHELLA-SINGLE-SINGLES-1906","singles_1906.jpg","single","Alcremie V #64 - Near Mint","Shining Fates","7","2026-07-27 20:03:05","Auto-tracked when export CSV was generated (NEW_ONLY)"
"CHELLA-SINGLE-SINGLES-1908","singles_1908.jpg","single","Oddish #92 - Near Mint","Paldean Fates","13","2026-07-27 20:03:05","Auto-tracked when export CSV was generated (NEW_ONLY)"
"CHELLA-SINGLE-SINGLES-1910","singles_1910.jpg","single","Altaria #TG11 - Near Mint","Silver Tempest Trainer Gallery","7","2026-07-27 20:03:05","Auto-tracked when export CSV was generated (NEW_ONLY)"
"CHELLA-SINGLE-SINGLES-1914","singles_1914.jpg","single","Altaria #GG19 - Near Mint","Crown Zenith Galarian Gallery","16","2026-07-27 20:03:05","Auto-tracked when export CSV was generated (NEW_ONLY)"
"CHELLA-SINGLE-SINGLES-1916","singles_1916.jpg","single","Altaria #GG19 - Near Mint","Crown Zenith Galarian Gallery","16","2026-07-27 20:03:05","Auto-tracked when export CSV was generated (NEW_ONLY)"
"CHELLA-SINGLE-SINGLES-1918","singles_1918.jpg","single","Altaria #GG19 - Near Mint","Crown Zenith Galarian Gallery","16","2026-07-27 20:03:05","Auto-tracked when export CSV was generated (NEW_ONLY)"
"CHELLA-SINGLE-SINGLES-1920","singles_1920.jpg","single","Gardevoir #TG05 - Near Mint","Silver Tempest Trainer Gallery","8","2026-07-27 20:03:05","Auto-tracked when export CSV was generated (NEW_ONLY)"
"CHELLA-SINGLE-SINGLES-1922","singles_1922.jpg","single","Lapras #GG05 - Near Mint","Crown Zenith Galarian Gallery","30","2026-07-27 20:03:05","Auto-tracked when export CSV was generated (NEW_ONLY)"
"CHELLA-SINGLE-SINGLES-1924","singles_1924.jpg","single","Turtwig #GG31 - Near Mint","Crown Zenith Galarian Gallery","12","2026-07-27 20:03:05","Auto-tracked when export CSV was generated (NEW_ONLY)"
"CHELLA-SINGLE-SINGLES-1926","singles_1926.jpg","single","Turtwig #GG31 - Near Mint","Crown Zenith Galarian Gallery","12","2026-07-27 20:03:05","Auto-tracked when export CSV was generated (NEW_ONLY)"
"CHELLA-SINGLE-SINGLES-1928","singles_1928.jpg","single","Flaaffy #TG03 - Near Mint","Silver Tempest Trainer Gallery","6","2026-07-27 20:03:05","Auto-tracked when export CSV was generated (NEW_ONLY)"
"CHELLA-SINGLE-SINGLES-1930","singles_1930.jpg","single","Duskull #GG28 - Near Mint","Crown Zenith Galarian Gallery","6","2026-07-27 20:03:05","Auto-tracked when export CSV was generated (NEW_ONLY)"
"CHELLA-SINGLE-SINGLES-1932","singles_1932.jpg","single","Duskull #GG28 - Near Mint","Crown Zenith Galarian Gallery","6","2026-07-27 20:03:05","Auto-tracked when export CSV was generated (NEW_ONLY)"
"CHELLA-SINGLE-SINGLES-1934","singles_1934.jpg","single","Poochyena #GG33 - Near Mint","Crown Zenith Galarian Gallery","6","2026-07-27 20:03:05","Auto-tracked when export CSV was generated (NEW_ONLY)"
"CHELLA-SINGLE-SINGLES-1936","singles_1936.jpg","single","Miltank #GG24 - Near Mint","Crown Zenith Galarian Gallery","14","2026-07-27 20:03:05","Auto-tracked when export CSV was generated (NEW_ONLY)"
"CHELLA-SINGLE-SINGLES-1938","singles_1938.jpg","single","Miltank #GG24 - Near Mint","Crown Zenith Galarian Gallery","14","2026-07-27 20:03:05","Auto-tracked when export CSV was generated (NEW_ONLY)"
"CHELLA-SINGLE-SINGLES-1940","singles_1940.jpg","single","Miltank #GG24 - Near Mint","Crown Zenith Galarian Gallery","14","2026-07-27 20:03:05","Auto-tracked when export CSV was generated (NEW_ONLY)"
"CHELLA-SINGLE-SINGLES-1942","singles_1942.jpg","single","Bidoof #GG29 - Near Mint","Crown Zenith Galarian Gallery","7","2026-07-27 20:03:05","Auto-tracked when export CSV was generated (NEW_ONLY)"
"CHELLA-SINGLE-SINGLES-1944","singles_1944.jpg","single","Spiritomb #TG09 - Near Mint","Lost Origin Trainer Gallery","3","2026-07-27 20:03:05","Auto-tracked when export CSV was generated (NEW_ONLY)"
"CHELLA-SINGLE-SINGLES-1946","singles_1946.jpg","single","Smeargle #TG10 - Near Mint","Silver Tempest Trainer Gallery","5","2026-07-27 20:03:05","Auto-tracked when export CSV was generated (NEW_ONLY)"
"CHELLA-SINGLE-SINGLES-1948","singles_1948.jpg","single","Dunsparce #GG23 - Near Mint","Crown Zenith Galarian Gallery","4","2026-07-27 20:03:05","Auto-tracked when export CSV was generated (NEW_ONLY)"
"CHELLA-SINGLE-SINGLES-1950","singles_1950.jpg","single","Hisuian Voltorb #GG01 - Near Mint","Crown Zenith Galarian Gallery","3","2026-07-27 20:03:05","Auto-tracked when export CSV was generated (NEW_ONLY)"
"CHELLA-SINGLE-SINGLES-1952","singles_1952.jpg","single","Hisuian Voltorb #GG01 - Near Mint","Crown Zenith Galarian Gallery","3","2026-07-27 20:03:05","Auto-tracked when export CSV was generated (NEW_ONLY)"
"CHELLA-SINGLE-SINGLES-1954","singles_1954.jpg","single","Kricketune #GG02 - Near Mint","Crown Zenith Galarian Gallery","8","2026-07-27 20:03:05","Auto-tracked when export CSV was generated (NEW_ONLY)"
"CHELLA-SINGLE-SINGLES-1956","singles_1956.jpg","single","Parasect #TG01 - Near Mint","Lost Origin Trainer Gallery","4","2026-07-27 20:03:05","Auto-tracked when export CSV was generated (NEW_ONLY)"
"CHELLA-SINGLE-SINGLES-1958","singles_1958.jpg","single","Paras #GG32 - Near Mint","Crown Zenith Galarian Gallery","9","2026-07-27 20:03:05","Auto-tracked when export CSV was generated (NEW_ONLY)"
"CHELLA-SINGLE-SINGLES-1960","singles_1960.jpg","single","Paras #GG32 - Near Mint","Crown Zenith Galarian Gallery","9","2026-07-27 20:03:05","Auto-tracked when export CSV was generated (NEW_ONLY)"
"CHELLA-SINGLE-SINGLES-1962","singles_1962.jpg","single","Jynx #TG04 - Near Mint","Silver Tempest Trainer Gallery","3","2026-07-27 20:03:05","Auto-tracked when export CSV was generated (NEW_ONLY)"
"CHELLA-SINGLE-SINGLES-1964","singles_1964.jpg","single","Thievul #GG17 - Near Mint","Crown Zenith Galarian Gallery","3","2026-07-27 20:03:05","Auto-tracked when export CSV was generated (NEW_ONLY)"
"CHELLA-SINGLE-SINGLES-1966","singles_1966.jpg","single","Thievul #GG17 - Near Mint","Crown Zenith Galarian Gallery","3","2026-07-27 20:03:05","Auto-tracked when export CSV was generated (NEW_ONLY)"
"CHELLA-SINGLE-SINGLES-1968","singles_1968.jpg","single","Malamar #TG06 - Near Mint","Silver Tempest Trainer Gallery","2","2026-07-27 20:03:05","Auto-tracked when export CSV was generated (NEW_ONLY)"
"CHELLA-SINGLE-SINGLES-1970","singles_1970.jpg","single","Oricorio #GG04 - Near Mint","Crown Zenith Galarian Gallery","4","2026-07-27 20:03:05","Auto-tracked when export CSV was generated (NEW_ONLY)"
"CHELLA-SINGLE-SINGLES-1972","singles_1972.jpg","single","Oricorio #GG04 - Near Mint","Crown Zenith Galarian Gallery","4","2026-07-27 20:03:05","Auto-tracked when export CSV was generated (NEW_ONLY)"
"CHELLA-SINGLE-SINGLES-1974","singles_1974.jpg","single","Oricorio #GG04 - Near Mint","Crown Zenith Galarian Gallery","4","2026-07-27 20:03:05","Auto-tracked when export CSV was generated (NEW_ONLY)"
"CHELLA-SINGLE-SINGLES-1976","singles_1976.jpg","single","Wyrdeer #TG06 - Near Mint","Astral Radiance Trainer Gallery","3","2026-07-27 20:03:05","Auto-tracked when export CSV was generated (NEW_ONLY)"
"CHELLA-SINGLE-SINGLES-1978","singles_1978.jpg","single","Castform #TG11 - Near Mint","Lost Origin Trainer Gallery","3","2026-07-27 20:03:05","Auto-tracked when export CSV was generated (NEW_ONLY)"
"CHELLA-GRADED-IMG740","img740.jpg","graded","Dragonite #149 - PSA 9 - Graded","Game Boy Promo","800","2026-08-05 22:13:30","Auto-tracked when export CSV was generated (NEW_ONLY)"
"CHELLA-SINGLE-SINGLES-2264","singles_2264.jpg","single","Mega Chandelure ex #115 - Near Mint","Pitch Black","52","2026-08-05 22:13:30","Auto-tracked when export CSV was generated (NEW_ONLY)"
"CHELLA-SINGLE-SINGLES-2266","singles_2266.jpg","single","Mega Chandelure ex #115 - Near Mint","Pitch Black","52","2026-08-05 22:13:30","Auto-tracked when export CSV was generated (NEW_ONLY)"
"CHELLA-SINGLE-SINGLES-2258","singles_2258.jpg","single","Mega Darkrai ex #101 - Near Mint","Pitch Black","13","2026-08-05 22:13:30","Auto-tracked when export CSV was generated (NEW_ONLY)"
"CHELLA-SINGLE-SINGLES-2234","singles_2234.jpg","single","Pikachu #TG05 - Near Mint","Lost Origin Trainer Gallery","50","2026-08-05 22:13:30","Auto-tracked when export CSV was generated (NEW_ONLY)"
"CHELLA-SINGLE-SINGLES-2208","singles_2208.jpg","single","Mega Dragonite ex #250/193 - Chinese - Near Mint","","175","2026-08-05 22:13:30","Auto-tracked when export CSV was generated (NEW_ONLY)"
"CHELLA-SINGLE-SINGLES-2212","singles_2212.jpg","single","Mega Dragonite ex #246/193 - Chinese - Near Mint","Mega Dream","160","2026-08-05 22:13:30","Auto-tracked when export CSV was generated (NEW_ONLY)"
"CHELLA-SINGLE-SINGLES-2214","singles_2214.jpg","single","Mega Dragonite ex #246/193 - Chinese - Near Mint","Mega Dream","160","2026-08-05 22:13:30","Auto-tracked when export CSV was generated (NEW_ONLY)"
"CHELLA-SINGLE-SINGLES-2216","singles_2216.jpg","single","Pikachu #081/S-P - Chinese - Near Mint","Lunar New Years","60","2026-08-05 22:13:30","Auto-tracked when export CSV was generated (NEW_ONLY)"
"CHELLA-SINGLE-SINGLES-2218","singles_2218.jpg","single","Giratina #058/173 - Japanese - Near Mint","Tag Team All Stars GX","13","2026-08-05 22:13:30","Auto-tracked when export CSV was generated (NEW_ONLY)"
"CHELLA-SINGLE-SINGLES-2220","singles_2220.jpg","single","Zeraora GX #051/173 - Japanese - Near Mint","Tag Team All Stars GX","2","2026-08-05 22:13:30","Auto-tracked when export CSV was generated (NEW_ONLY)"
"CHELLA-GRADED-IMG715","img715.jpg","graded","Mega Charizard X ex #223/193 - PSA 10","Mega Dream","120","2026-08-05 22:13:30","Auto-tracked when export CSV was generated (NEW_ONLY)"
"CHELLA-GRADED-IMG714","img714.jpg","graded","Mega Gengar ex #230/193 - PSA 10","Mega Dream","100","2026-08-05 22:13:30","Auto-tracked when export CSV was generated (NEW_ONLY)"
"CHELLA-GRADED-IMG713","img713.jpg","graded","Pikachu ex #001/030 - PSA 10","World Championship 2023","750","2026-08-05 22:13:30","Auto-tracked when export CSV was generated (NEW_ONLY)"
"CHELLA-GRADED-IMG717","img717.jpg","graded","Eevee #BW94 - BGS 9","BW Promos","750","2026-08-05 22:13:30","Auto-tracked when export CSV was generated (NEW_ONLY)"
"CHELLA-GRADED-IMG718","img718.jpg","graded","Greninja ex #132 - BGS 8","SV Promos","100","2026-08-05 22:13:30","Auto-tracked when export CSV was generated (NEW_ONLY)"
"CHELLA-GRADED-IMG720","img720.jpg","graded","Hypno #No. 097 - BGS 9","Fossil","70","2026-08-05 22:13:30","Auto-tracked when export CSV was generated (NEW_ONLY)"
"CHELLA-GRADED-IMG724","img724.jpg","graded","Electrode #2/64 - PSA 7","Jungle Set","35","2026-08-05 22:13:30","Auto-tracked when export CSV was generated (NEW_ONLY)"
"CHELLA-GRADED-IMG725","img725.jpg","graded","Electrode #2/64 - PSA 6","Jungle Set","25","2026-08-05 22:13:30","Auto-tracked when export CSV was generated (NEW_ONLY)"
"CHELLA-GRADED-IMG727","img727.jpg","graded","Electrode #2/64 - PSA 3","Jungle Set","15","2026-08-05 22:13:30","Auto-tracked when export CSV was generated (NEW_ONLY)"
"CHELLA-GRADED-IMG728","img728.jpg","graded","Sabrina's Mr. Mime #No. 122 - PSA 10","Gym 2","200","2026-08-05 22:13:30","Auto-tracked when export CSV was generated (NEW_ONLY)"
"CHELLA-GRADED-IMG729","img729.jpg","graded","Mr. Mime ex #053/082 - PSA 8","Flight of Legends","60","2026-08-05 22:13:30","Auto-tracked when export CSV was generated (NEW_ONLY)"
"CHELLA-GRADED-IMG730","img730.jpg","graded","Mr. Mime #No. 122 - PSA 8","Jungle Set","45","2026-08-05 22:13:30","Auto-tracked when export CSV was generated (NEW_ONLY)"
"CHELLA-GRADED-IMG731","img731.jpg","graded","Sabrina's Mr. Mime 1st Edition #59/132 - PSA 9","Gym Challenge","35","2026-08-05 22:13:30","Auto-tracked when export CSV was generated (NEW_ONLY)"
"CHELLA-GRADED-IMG732","img732.jpg","graded","Mr. Mime #FILE No. 122 - PSA 7","Carddass","30","2026-08-05 22:13:30","Auto-tracked when export CSV was generated (NEW_ONLY)"
"CHELLA-GRADED-IMG733","img733.jpg","graded","Mr. Mime #122 - PSA 6","Scratch Cards","30","2026-08-05 22:13:30","Auto-tracked when export CSV was generated (NEW_ONLY)"
"CHELLA-GRADED-IMG734","img734.jpg","graded","Mr. Mime #122 - PSA 6","Carddass Vending","25","2026-08-05 22:13:30","Auto-tracked when export CSV was generated (NEW_ONLY)"
"CHELLA-GRADED-IMG735","img735.jpg","graded","Mr. Mime #122 - PSA 8","Carddass Vending","50","2026-08-05 22:13:30","Auto-tracked when export CSV was generated (NEW_ONLY)"
"CHELLA-GRADED-IMG737","img737.jpg","graded","Mr. Mime #122 - PSA 8","Topps TV Animation","25","2026-08-05 22:13:30","Auto-tracked when export CSV was generated (NEW_ONLY)"
"CHELLA-GRADED-IMG738","img738.jpg","graded","Mr. Mime #146 - PSA 9","Carddass Vending","30","2026-08-05 22:13:30","Auto-tracked when export CSV was generated (NEW_ONLY)"
CHELLA-GRADED-IMG757,img757.jpg,graded,Dragonite V #192/203 - CGC 10,Evolving Skies,750,2026-08-17 23:00:06,Auto-tracked when export CSV was generated (NEW_ONLY)
CHELLA-GRADED-IMG758,img758.jpg,graded,Gyarados Delta #024/052 - PSA 8,EX Holon Phantoms,190,2026-08-17 23:00:06,Auto-tracked when export CSV was generated (NEW_ONLY)
CHELLA-GRADED-IMG760,img760.jpg,graded,Mega Zygarde ex #117/080 - PSA 8,Mega Ultra Rare,140,2026-08-17 23:00:06,Auto-tracked when export CSV was generated (NEW_ONLY)
CHELLA-SINGLE-SINGLES-2268,singles_2268.jpg,single,Mega Dragonite ex #290 - Near Mint,Ascended Heroes,700,2026-08-17 23:00:06,Auto-tracked when export CSV was generated (NEW_ONLY)
CHELLA-SINGLE-SINGLES-2272,singles_2272.jpg,single,Ninetales #13 - Lightly Played,Base Set 2,20,2026-08-17 23:00:06,Auto-tracked when export CSV was generated (NEW_ONLY)
CHELLA-SINGLE-SINGLES-2274,singles_2274.jpg,single,Umbreon (Noctali) #22 - French - Reverse Holofoil - Lightly Played,Call of Legends,75,2026-08-17 23:00:06,Auto-tracked when export CSV was generated (NEW_ONLY)
CHELLA-SINGLE-SINGLES-2276,singles_2276.jpg,single,Mega Floette ex #101 - Near Mint,Chaos Rising,4,2026-08-17 23:00:06,Auto-tracked when export CSV was generated (NEW_ONLY)
CHELLA-SINGLE-SINGLES-2278,singles_2278.jpg,single,Frogadier #89 - Near Mint,Chaos Rising,7,2026-08-17 23:00:06,Auto-tracked when export CSV was generated (NEW_ONLY)
CHELLA-SINGLE-SINGLES-2280,singles_2280.jpg,single,Tauros #96 - Near Mint,Chaos Rising,3,2026-08-17 23:00:06,Auto-tracked when export CSV was generated (NEW_ONLY)
CHELLA-SINGLE-SINGLES-2282,singles_2282.jpg,single,Tauros #96 - Near Mint,Chaos Rising,3,2026-08-17 23:00:06,Auto-tracked when export CSV was generated (NEW_ONLY)
CHELLA-SINGLE-SINGLES-2284,singles_2284.jpg,single,Lapras-GX #35 - Lightly Played,Sun & Moon,3,2026-08-17 23:00:06,Auto-tracked when export CSV was generated (NEW_ONLY)
CHELLA-SINGLE-SINGLES-2286,singles_2286.jpg,single,Alolan Golem-GX #34 - Near Mint,Crimson Invasion,3,2026-08-17 23:00:06,Auto-tracked when export CSV was generated (NEW_ONLY)
CHELLA-SINGLE-SINGLES-2288,singles_2288.jpg,single,Incineroar-GX #97 - Near Mint,Team Up,3,2026-08-17 23:00:06,Auto-tracked when export CSV was generated (NEW_ONLY)
CHELLA-SINGLE-SINGLES-2290,singles_2290.jpg,single,Salazzle-GX #25 - Near Mint,Burning Shadows,2,2026-08-17 23:00:06,Auto-tracked when export CSV was generated (NEW_ONLY)
CHELLA-SINGLE-SINGLES-2292,singles_2292.jpg,single,Salazzle-GX #SM63 - Near Mint,SM Black Star Promos,3,2026-08-17 23:00:06,Auto-tracked when export CSV was generated (NEW_ONLY)
CHELLA-SINGLE-SINGLES-2294,singles_2294.jpg,single,Alolan Persian-GX #129 - Near Mint,Cosmic Eclipse,3,2026-08-17 23:00:06,Auto-tracked when export CSV was generated (NEW_ONLY)
CHELLA-SINGLE-SINGLES-2296,singles_2296.jpg,single,Carracosta-GX #SM239 - Near Mint,SM Black Star Promos,2,2026-08-17 23:00:06,Auto-tracked when export CSV was generated (NEW_ONLY)
CHELLA-SINGLE-SINGLES-2300,singles_2300.jpg,single,Alolan Muk-GX #84 - Lightly Played,Burning Shadows,2,2026-08-17 23:00:06,Auto-tracked when export CSV was generated (NEW_ONLY)
CHELLA-SINGLE-SINGLES-2304,singles_2304.jpg,single,Kartana-GX #70 - Near Mint,Crimson Invasion,3,2026-08-17 23:00:06,Auto-tracked when export CSV was generated (NEW_ONLY)
CHELLA-SINGLE-SINGLES-2306,singles_2306.jpg,single,Golisopod-GX #SM62 - Near Mint,SM Black Star Promos,2,2026-08-17 23:00:06,Auto-tracked when export CSV was generated (NEW_ONLY)
CHELLA-SINGLE-SINGLES-2308,singles_2308.jpg,single,Cinderace #SV017 - Near Mint,Shining Fates Shiny Vault,7,2026-08-17 23:00:06,Auto-tracked when export CSV was generated (NEW_ONLY)
CHELLA-SINGLE-SINGLES-2310,singles_2310.jpg,single,Rillaboom #SV006 - Near Mint,Shining Fates Shiny Vault,3,2026-08-17 23:00:06,Auto-tracked when export CSV was generated (NEW_ONLY)
CHELLA-SINGLE-SINGLES-2312,singles_2312.jpg,single,Arrokuda #SV031 - Near Mint,Shining Fates Shiny Vault,2,2026-08-17 23:00:06,Auto-tracked when export CSV was generated (NEW_ONLY)
CHELLA-SINGLE-SINGLES-2314,singles_2314.jpg,single,Gallade V #181 - Near Mint,Lost Origin,3,2026-08-17 23:00:06,Auto-tracked when export CSV was generated (NEW_ONLY)
CHELLA-SINGLE-SINGLES-2316,singles_2316.jpg,single,Hisuian Zoroark V #SWSH297 - Near Mint,SWSH Black Star Promos,2,2026-08-17 23:00:06,Auto-tracked when export CSV was generated (NEW_ONLY)
CHELLA-SINGLE-SINGLES-2318,singles_2318.jpg,single,Hisuian Zoroark V #SWSH297 - Near Mint,SWSH Black Star Promos,2,2026-08-17 23:00:06,Auto-tracked when export CSV was generated (NEW_ONLY)
CHELLA-SINGLE-SINGLES-2320,singles_2320.jpg,single,Honchkrow V #161 - Near Mint,Brilliant Stars,2,2026-08-17 23:00:06,Auto-tracked when export CSV was generated (NEW_ONLY)
CHELLA-SINGLE-SINGLES-2322,singles_2322.jpg,single,Honchkrow V #161 - Near Mint,Brilliant Stars,2,2026-08-17 23:00:06,Auto-tracked when export CSV was generated (NEW_ONLY)
CHELLA-SINGLE-SINGLES-2324,singles_2324.jpg,single,Vikavolt V #180 - Near Mint,Darkness Ablaze,2,2026-08-17 23:00:06,Auto-tracked when export CSV was generated (NEW_ONLY)
CHELLA-SINGLE-SINGLES-2326,singles_2326.jpg,single,Eternatus V #SWSH044 - Near Mint,SWSH Black Star Promos,3,2026-08-17 23:00:06,Auto-tracked when export CSV was generated (NEW_ONLY)
CHELLA-SINGLE-SINGLES-2328,singles_2328.jpg,single,Stonjourner V #193 - Near Mint,Sword & Shield,3,2026-08-17 23:00:06,Auto-tracked when export CSV was generated (NEW_ONLY)
CHELLA-SINGLE-SINGLES-2330,singles_2330.jpg,single,Kleavor V #SWSH248 - Near Mint,SWSH Black Star Promos,1,2026-08-17 23:00:06,Auto-tracked when export CSV was generated (NEW_ONLY)
CHELLA-SINGLE-SINGLES-2332,singles_2332.jpg,single,Sandaconda V #175 - Near Mint,Chilling Reign,2,2026-08-17 23:00:06,Auto-tracked when export CSV was generated (NEW_ONLY)
CHELLA-SINGLE-SINGLES-2334,singles_2334.jpg,single,Grapploct V #72 - Near Mint,Champion's Path,2,2026-08-17 23:00:06,Auto-tracked when export CSV was generated (NEW_ONLY)
CHELLA-SINGLE-SINGLES-2336,singles_2336.jpg,single,Eldegoss V #176 - Near Mint,Rebel Clash,3,2026-08-17 23:00:06,Auto-tracked when export CSV was generated (NEW_ONLY)
CHELLA-SINGLE-SINGLES-2338,singles_2338.jpg,single,Toxtricity V #SV112 - Near Mint,Shining Fates Shiny Vault,2,2026-08-17 23:00:06,Auto-tracked when export CSV was generated (NEW_ONLY)
CHELLA-SINGLE-SINGLES-2340,singles_2340.jpg,single,Toxtricity V #SV112 - Near Mint,Shining Fates Shiny Vault,2,2026-08-17 23:00:06,Auto-tracked when export CSV was generated (NEW_ONLY)
CHELLA-SINGLE-SINGLES-2342,singles_2342.jpg,single,Cramorant V #SWSH086 - Near Mint,SWSH Black Star Promos,1,2026-08-17 23:00:06,Auto-tracked when export CSV was generated (NEW_ONLY)
CHELLA-SINGLE-SINGLES-2344,singles_2344.jpg,single,Eldegoss V #SWSH084 - Near Mint,SWSH Black Star Promos,1,2026-08-17 23:00:06,Auto-tracked when export CSV was generated (NEW_ONLY)
CHELLA-SINGLE-SINGLES-2346,singles_2346.jpg,single,Gourgeist ex #102 - Near Mint,Chaos Rising,2,2026-08-17 23:00:06,Auto-tracked when export CSV was generated (NEW_ONLY)
CHELLA-SINGLE-SINGLES-2348,singles_2348.jpg,single,Cinccino ex #105 - Near Mint,Chaos Rising,5,2026-08-17 23:00:06,Auto-tracked when export CSV was generated (NEW_ONLY)
CHELLA-SINGLE-SINGLES-2350,singles_2350.jpg,single,Cinderace ex #157 - Near Mint,Stellar Crown,4,2026-08-17 23:00:06,Auto-tracked when export CSV was generated (NEW_ONLY)
CHELLA-SINGLE-SINGLES-2352,singles_2352.jpg,single,Alolan Exeggutor ex #225 - Near Mint,Surging Sparks,2,2026-08-17 23:00:06,Auto-tracked when export CSV was generated (NEW_ONLY)
CHELLA-SINGLE-SINGLES-2354,singles_2354.jpg,single,Alolan Exeggutor ex #225 - Near Mint,Surging Sparks,2,2026-08-17 23:00:06,Auto-tracked when export CSV was generated (NEW_ONLY)
CHELLA-SINGLE-SINGLES-2356,singles_2356.jpg,single,Cyclizar ex #228 - Near Mint,Surging Sparks,3,2026-08-17 23:00:06,Auto-tracked when export CSV was generated (NEW_ONLY)
CHELLA-SINGLE-SINGLES-2358,singles_2358.jpg,single,Forretress ex #230 - Near Mint,Paldea Evolved,2,2026-08-17 23:00:06,Auto-tracked when export CSV was generated (NEW_ONLY)
CHELLA-SINGLE-SINGLES-2360,singles_2360.jpg,single,Palossand ex #221 - Near Mint,Surging Sparks,2,2026-08-17 23:00:06,Auto-tracked when export CSV was generated (NEW_ONLY)
CHELLA-SINGLE-SINGLES-2362,singles_2362.jpg,single,Eiscue ex #210 - Near Mint,Obsidian Flames,2,2026-08-17 23:00:06,Auto-tracked when export CSV was generated (NEW_ONLY)
CHELLA-SINGLE-SINGLES-2364,singles_2364.jpg,single,Vespiquen ex #212 - Near Mint,Obsidian Flames,2,2026-08-17 23:00:06,Auto-tracked when export CSV was generated (NEW_ONLY)
CHELLA-SINGLE-SINGLES-2366,singles_2366.jpg,single,Galarian Slowking VMAX #100 - Near Mint,Chilling Reign,2,2026-08-17 23:00:06,Auto-tracked when export CSV was generated (NEW_ONLY)
CHELLA-SINGLE-SINGLES-2368,singles_2368.jpg,single,Galarian Slowking VMAX #100 - Near Mint,Chilling Reign,2,2026-08-17 23:00:06,Auto-tracked when export CSV was generated (NEW_ONLY)
CHELLA-SINGLE-SINGLES-2370,singles_2370.jpg,single,Morpeko VMAX #80 - Near Mint,Sword & Shield,4,2026-08-17 23:00:06,Auto-tracked when export CSV was generated (NEW_ONLY)
CHELLA-SINGLE-SINGLES-2372,singles_2372.jpg,single,Morpeko VMAX #38 - Near Mint,Shining Fates,3,2026-08-17 23:00:06,Auto-tracked when export CSV was generated (NEW_ONLY)
CHELLA-SINGLE-SINGLES-2374,singles_2374.jpg,single,Crobat VMAX #45 - Near Mint,Shining Fates,2,2026-08-17 23:00:06,Auto-tracked when export CSV was generated (NEW_ONLY)
CHELLA-SINGLE-SINGLES-2376,singles_2376.jpg,single,Victini VMAX #22 - Near Mint,Battle Styles,3,2026-08-17 23:00:06,Auto-tracked when export CSV was generated (NEW_ONLY)
CHELLA-SINGLE-SINGLES-2378,singles_2378.jpg,single,Single Strike Urshifu VMAX #86 - Near Mint,Battle Styles,2,2026-08-17 23:00:06,Auto-tracked when export CSV was generated (NEW_ONLY)
CHELLA-SINGLE-SINGLES-2380,singles_2380.jpg,single,Ditto VMAX #51 - Near Mint,Shining Fates,5,2026-08-17 23:00:06,Auto-tracked when export CSV was generated (NEW_ONLY)
CHELLA-SINGLE-SINGLES-2382,singles_2382.jpg,single,Cinderace VMAX #19 - Near Mint,Shining Fates,2,2026-08-17 23:00:06,Auto-tracked when export CSV was generated (NEW_ONLY)
CHELLA-SINGLE-SINGLES-2384,singles_2384.jpg,single,Rillaboom VMAX #18 - Near Mint,Rebel Clash,2,2026-08-17 23:00:06,Auto-tracked when export CSV was generated (NEW_ONLY)
CHELLA-SINGLE-SINGLES-2386,singles_2386.jpg,single,Tapu Koko VMAX #51 - Near Mint,Battle Styles,2,2026-08-17 23:00:06,Auto-tracked when export CSV was generated (NEW_ONLY)
CHELLA-SINGLE-SINGLES-2388,singles_2388.jpg,single,Eternatus VMAX #SWSH045 - Near Mint,SWSH Black Star Promos,3,2026-08-17 23:00:06,Auto-tracked when export CSV was generated (NEW_ONLY)
CHELLA-SINGLE-SINGLES-2390,singles_2390.jpg,single,Melmetal VMAX #48 - Near Mint,Pokémon GO,2,2026-08-17 23:00:06,Auto-tracked when export CSV was generated (NEW_ONLY)
CHELLA-SINGLE-SINGLES-2392,singles_2392.jpg,single,Orbeetle VMAX #21 - Near Mint,Vivid Voltage,2,2026-08-17 23:00:06,Auto-tracked when export CSV was generated (NEW_ONLY)
CHELLA-SINGLE-SINGLES-2394,singles_2394.jpg,single,Anthea & Concordia #254 - Near Mint,Ascended Heroes,2,2026-08-17 23:00:06,Auto-tracked when export CSV was generated (NEW_ONLY)
CHELLA-SINGLE-SINGLES-2396,singles_2396.jpg,single,Cheren #258 - Near Mint,Ascended Heroes,1,2026-08-17 23:00:06,Auto-tracked when export CSV was generated (NEW_ONLY)
CHELLA-GRADED-IMG741,img741.jpg,graded,Pikachu VMAX #188/185 - PSA 10,Vivid Voltage,375,2026-08-17 23:00:06,Auto-tracked when export CSV was generated (NEW_ONLY)
CHELLA-GRADED-IMG742,img742.jpg,graded,Moltres & Zapdos & Articuno GX #SM210 - TAG 9,Hidden Fates,170,2026-08-17 23:00:06,Auto-tracked when export CSV was generated (NEW_ONLY)
CHELLA-GRADED-IMG745,img745.jpg,graded,Aerodactyl - 1st Edition #1/62 - PSA 4,Fossil,50,2026-08-17 23:00:06,Auto-tracked when export CSV was generated (NEW_ONLY)
CHELLA-GRADED-IMG747,img747.jpg,graded,Mr. Mime - 1st Edition #6/64 - PSA 5,Jungle Set,40,2026-08-17 23:00:06,Auto-tracked when export CSV was generated (NEW_ONLY)
CHELLA-GRADED-IMG748,img748.jpg,graded,Muk - 1st Edition #13/62 - PSA 4,Fossil,25,2026-08-17 23:00:06,Auto-tracked when export CSV was generated (NEW_ONLY)
CHELLA-GRADED-IMG753,img753.jpg,graded,Dark Gyarados - 1st Edition #25/82 - PSA 6,Team Rocket,40,2026-08-17 23:00:06,Auto-tracked when export CSV was generated (NEW_ONLY)
CHELLA-GRADED-IMG754,img754.jpg,graded,Dark Vileplume - 1st Edition #30/82 - PSA 6,Team Rocket,20,2026-08-17 23:00:06,Auto-tracked when export CSV was generated (NEW_ONLY)
CHELLA-GRADED-IMG755,img755.jpg,graded,Dark Vileplume - 1st Edition #30/82 - PSA 5,Team Rocket,18,2026-08-17 23:00:06,Auto-tracked when export CSV was generated (NEW_ONLY)
CHELLA-GRADED-IMG756,img756.jpg,graded,Dark Weezing - 1st Edition #31/82 - PSA 5,Team Rocket,18,2026-08-17 23:00:06,Auto-tracked when export CSV was generated (NEW_ONLY)
