Info,Version=1.0.0,Template=fx_category_template_EBAY_US
*Action(SiteID=US|Country=US|Currency=USD|Version=1193|CC=UTF-8),CustomLabel,*Category,StoreCategory,*Title,Subtitle,Relationship,RelationshipDetails,ScheduleTime,*ConditionID,CD:Professional Grader - (ID: 27501),CD:Grade - (ID: 27502),CDA:Certification Number - (ID: 27503),CD:Card Condition - (ID: 40001),*C:Franchise,*C:Set,*C:Manufacturer,C:Character,C:Year Manufactured,C:TV Show,C:Movie,C:Autograph Authentication,C:Genre,C:Features,C:Configuration,C:Number of Cards,C:Type,C:Number of Boxes,C:Age Level,C:Material,C:Language,C:Card Size,C:Country of Origin,C:Signed By,C:Autographed,C:Vintage,C:Featured Person/Artist,C:Autograph Format,C:Convention/Event,C:MPN,C:Illustrator,C:California Prop 65 Warning,C:Autograph Authentication Number,C:Grade,C:Number of Packs,C:Professional Grader,C:Certification Number,C:Parallel/Variety,C:Card Number,C:Card Name,C:Graded,C:Original/Licensed Reprint,C:Card Condition,C:Card Thickness,C:Customized,C:Insert Set,C:Print Run,PicURL,GalleryType,VideoID,*Description,*Format,*Duration,*StartPrice,BuyItNowPrice,BestOfferEnabled,BestOfferAutoAcceptPrice,MinimumBestOfferPrice,*Quantity,ImmediatePayRequired,*Location,ShippingType,ShippingService-1:Option,ShippingService-1:Cost,ShippingService-2:Option,ShippingService-2:Cost,*DispatchTimeMax,PromotionalShippingDiscount,ShippingDiscountProfileID,*ReturnsAcceptedOption,ReturnsWithinOption,RefundOption,ShippingCostPaidByOption,AdditionalDetails,ShippingProfileName,ReturnProfileName,PaymentProfileName,ProductCompliancePolicyID,Regional ProductCompliancePolicies,Product Safety Pictograms,Product Safety Statements,Product Safety Component,Regulatory Document Ids,Manufacturer Name,Manufacturer AddressLine1,Manufacturer AddressLine2,Manufacturer City,Manufacturer Country,Manufacturer PostalCode,Manufacturer StateOrProvince,Manufacturer Phone,Manufacturer Email,Manufacturer ContactURL,Responsible Person 1,Responsible Person 1 Type,Responsible Person 1 AddressLine1,Responsible Person 1 AddressLine2,Responsible Person 1 City,Responsible Person 1 Country,Responsible Person 1 PostalCode,Responsible Person 1 StateOrProvince,Responsible Person 1 Phone,Responsible Person 1 Email,Responsible Person 1 ContactURL
Add,CHELLA-GRADED-IMG775,183050,,Houndoom #8/64 Neo Revelation BGS 8.5 Pokemon Card,,,,,2750,275013,275023,,,Pokémon,Neo Revelation,Nintendo,,,,,,,,,,Non-Sport Trading Card,,,,,,,,,,,,,,,,,8.5,,BGS,,,8/64,Houndoom #8/64,Yes,,Professionally graded: BGS 8.5,,,,,https://chellacollectibles.com/images/img775.jpg,Gallery,,"<div style=""font-family: Arial, Helvetica, sans-serif; color: #111827; line-height: 1.55; max-width: 760px;""> <div style=""border: 1px solid #d9e2f2; border-radius: 14px; overflow: hidden;""> <div style=""background: #07142f; color: #ffffff; padding: 18px 20px;""> <h2 style=""margin: 0; font-size: 24px; letter-spacing: -0.3px;"">Chella Collectibles</h2> <p style=""margin: 6px 0 0; color: #ffdf3c; font-weight: bold;"">Pokemon TCG Singles, Graded Cards & Sealed Products</p> </div> <div style=""padding: 20px;""> <h3 style=""margin: 0 0 14px; color: #07142f; font-size: 21px;"">Houndoom #8/64 Neo Revelation BGS 8.5 Pokemon Card</h3> <table style=""width: 100%; border-collapse: collapse; margin-bottom: 18px;""> <tr><td style=""padding: 8px 0; border-bottom: 1px solid #eef2f7; font-weight: bold; width: 140px;"">Item</td><td style=""padding: 8px 0; border-bottom: 1px solid #eef2f7;"">Houndoom #8/64 - BGS 8.5</td></tr> <tr><td style=""padding: 8px 0; border-bottom: 1px solid #eef2f7; font-weight: bold;"">Set</td><td style=""padding: 8px 0; border-bottom: 1px solid #eef2f7;"">Neo Revelation</td></tr> <tr><td style=""padding: 8px 0; border-bottom: 1px solid #eef2f7; font-weight: bold;"">Condition</td><td style=""padding: 8px 0; border-bottom: 1px solid #eef2f7;"">Professionally graded: BGS 8.5</td></tr> </table> <p style=""margin: 0 0 12px;"">You will receive the exact item shown in the photos. All card images are scanned by us. Scans may occasionally show scanner lines, dust, glare, faint artifacts, or other details picked up by the scanner that may not be present on the card itself.</p> <p style=""margin: 0 0 12px;"">Raw card conditions are listed using the TCGplayer condition guide as a reference. eBay may display equivalent marketplace terminology such as Near Mint or Better, Excellent, Very Good, or Poor. Please review all photos before purchasing.</p> <p style=""margin: 0 0 12px;"">Cards are packaged securely and shipped with care. Combined shipping is available when possible.</p> <div style=""background: #f6f8fc; border: 1px solid #e1e8f5; border-radius: 12px; padding: 14px; margin-top: 16px;""> <p style=""margin: 0; font-weight: bold; color: #07142f;"">More from Chella Collectibles</p> <p style=""margin: 6px 0 0;"">We have more Pokemon TCG singles, graded cards, and sealed products available. Visit our website or eBay store for more inventory.</p> </div> </div> </div> </div>",FixedPrice,GTC,549.99,,,,,1,1,"New Jersey, United States",,,,,,3,,,ReturnsNotAccepted,,,,,Shipping-Normal,,,,,,,,,,,,,,,,,,,,,,,,,,,,,
Add,CHELLA-GRADED-IMG776,183050,,Tyranitar #127/128 Base Expansion Back BGS 9 Pokemon Card,,,,,2750,275013,275022,,,Pokémon,Base Expansion Back,Nintendo,,,,,,,,,,Non-Sport Trading Card,,,,,,,,,,,,,,,,,9,,BGS,,,127/128,Tyranitar #127/128,Yes,,Professionally graded: BGS 9,,,,,https://chellacollectibles.com/images/img776.jpg,Gallery,,"<div style=""font-family: Arial, Helvetica, sans-serif; color: #111827; line-height: 1.55; max-width: 760px;""> <div style=""border: 1px solid #d9e2f2; border-radius: 14px; overflow: hidden;""> <div style=""background: #07142f; color: #ffffff; padding: 18px 20px;""> <h2 style=""margin: 0; font-size: 24px; letter-spacing: -0.3px;"">Chella Collectibles</h2> <p style=""margin: 6px 0 0; color: #ffdf3c; font-weight: bold;"">Pokemon TCG Singles, Graded Cards & Sealed Products</p> </div> <div style=""padding: 20px;""> <h3 style=""margin: 0 0 14px; color: #07142f; font-size: 21px;"">Tyranitar #127/128 Base Expansion Back BGS 9 Pokemon Card</h3> <table style=""width: 100%; border-collapse: collapse; margin-bottom: 18px;""> <tr><td style=""padding: 8px 0; border-bottom: 1px solid #eef2f7; font-weight: bold; width: 140px;"">Item</td><td style=""padding: 8px 0; border-bottom: 1px solid #eef2f7;"">Tyranitar #127/128 - BGS 9</td></tr> <tr><td style=""padding: 8px 0; border-bottom: 1px solid #eef2f7; font-weight: bold;"">Set</td><td style=""padding: 8px 0; border-bottom: 1px solid #eef2f7;"">Base Expansion Back</td></tr> <tr><td style=""padding: 8px 0; border-bottom: 1px solid #eef2f7; font-weight: bold;"">Condition</td><td style=""padding: 8px 0; border-bottom: 1px solid #eef2f7;"">Professionally graded: BGS 9</td></tr> </table> <p style=""margin: 0 0 12px;"">You will receive the exact item shown in the photos. All card images are scanned by us. Scans may occasionally show scanner lines, dust, glare, faint artifacts, or other details picked up by the scanner that may not be present on the card itself.</p> <p style=""margin: 0 0 12px;"">Raw card conditions are listed using the TCGplayer condition guide as a reference. eBay may display equivalent marketplace terminology such as Near Mint or Better, Excellent, Very Good, or Poor. Please review all photos before purchasing.</p> <p style=""margin: 0 0 12px;"">Cards are packaged securely and shipped with care. Combined shipping is available when possible.</p> <div style=""background: #f6f8fc; border: 1px solid #e1e8f5; border-radius: 12px; padding: 14px; margin-top: 16px;""> <p style=""margin: 0; font-weight: bold; color: #07142f;"">More from Chella Collectibles</p> <p style=""margin: 6px 0 0;"">We have more Pokemon TCG singles, graded cards, and sealed products available. Visit our website or eBay store for more inventory.</p> </div> </div> </div> </div>",FixedPrice,GTC,749.99,,,,,1,1,"New Jersey, United States",,,,,,3,,,ReturnsNotAccepted,,,,,Shipping-Normal,,,,,,,,,,,,,,,,,,,,,,,,,,,,,
Add,CHELLA-GRADED-IMG777,183050,,Zekrom #114/114 Black & White BGS 8.5 Pokemon Card,,,,,2750,275013,275023,,,Pokémon,Black & White,Nintendo,,,,,,,,,,Non-Sport Trading Card,,,,,,,,,,,,,,,,,8.5,,BGS,,,114/114,Zekrom #114/114,Yes,,Professionally graded: BGS 8.5,,,,,https://chellacollectibles.com/images/img777.jpg,Gallery,,"<div style=""font-family: Arial, Helvetica, sans-serif; color: #111827; line-height: 1.55; max-width: 760px;""> <div style=""border: 1px solid #d9e2f2; border-radius: 14px; overflow: hidden;""> <div style=""background: #07142f; color: #ffffff; padding: 18px 20px;""> <h2 style=""margin: 0; font-size: 24px; letter-spacing: -0.3px;"">Chella Collectibles</h2> <p style=""margin: 6px 0 0; color: #ffdf3c; font-weight: bold;"">Pokemon TCG Singles, Graded Cards & Sealed Products</p> </div> <div style=""padding: 20px;""> <h3 style=""margin: 0 0 14px; color: #07142f; font-size: 21px;"">Zekrom #114/114 Black &amp; White BGS 8.5 Pokemon Card</h3> <table style=""width: 100%; border-collapse: collapse; margin-bottom: 18px;""> <tr><td style=""padding: 8px 0; border-bottom: 1px solid #eef2f7; font-weight: bold; width: 140px;"">Item</td><td style=""padding: 8px 0; border-bottom: 1px solid #eef2f7;"">Zekrom #114/114 - BGS 8.5</td></tr> <tr><td style=""padding: 8px 0; border-bottom: 1px solid #eef2f7; font-weight: bold;"">Set</td><td style=""padding: 8px 0; border-bottom: 1px solid #eef2f7;"">Black &amp; White</td></tr> <tr><td style=""padding: 8px 0; border-bottom: 1px solid #eef2f7; font-weight: bold;"">Condition</td><td style=""padding: 8px 0; border-bottom: 1px solid #eef2f7;"">Professionally graded: BGS 8.5</td></tr> </table> <p style=""margin: 0 0 12px;"">You will receive the exact item shown in the photos. All card images are scanned by us. Scans may occasionally show scanner lines, dust, glare, faint artifacts, or other details picked up by the scanner that may not be present on the card itself.</p> <p style=""margin: 0 0 12px;"">Raw card conditions are listed using the TCGplayer condition guide as a reference. eBay may display equivalent marketplace terminology such as Near Mint or Better, Excellent, Very Good, or Poor. Please review all photos before purchasing.</p> <p style=""margin: 0 0 12px;"">Cards are packaged securely and shipped with care. Combined shipping is available when possible.</p> <div style=""background: #f6f8fc; border: 1px solid #e1e8f5; border-radius: 12px; padding: 14px; margin-top: 16px;""> <p style=""margin: 0; font-weight: bold; color: #07142f;"">More from Chella Collectibles</p> <p style=""margin: 6px 0 0;"">We have more Pokemon TCG singles, graded cards, and sealed products available. Visit our website or eBay store for more inventory.</p> </div> </div> </div> </div>",FixedPrice,GTC,249.99,,,,,1,1,"New Jersey, United States",,,,,,3,,,ReturnsNotAccepted,,,,,Shipping-Normal,,,,,,,,,,,,,,,,,,,,,,,,,,,,,
Add,CHELLA-GRADED-IMG778,183050,,Dragonite No. #149 Game Boy Promo PSA 8 Pokemon Card,,,,,2750,275010,275024,,,Pokémon,Game Boy Promo,Nintendo,,,,,,,,,,Non-Sport Trading Card,,,,,,,,,,,,,,,,,8,,PSA,,,149,Dragonite No. #149,Yes,,Professionally graded: PSA 8,,,,,https://chellacollectibles.com/images/img778.jpg,Gallery,,"<div style=""font-family: Arial, Helvetica, sans-serif; color: #111827; line-height: 1.55; max-width: 760px;""> <div style=""border: 1px solid #d9e2f2; border-radius: 14px; overflow: hidden;""> <div style=""background: #07142f; color: #ffffff; padding: 18px 20px;""> <h2 style=""margin: 0; font-size: 24px; letter-spacing: -0.3px;"">Chella Collectibles</h2> <p style=""margin: 6px 0 0; color: #ffdf3c; font-weight: bold;"">Pokemon TCG Singles, Graded Cards & Sealed Products</p> </div> <div style=""padding: 20px;""> <h3 style=""margin: 0 0 14px; color: #07142f; font-size: 21px;"">Dragonite No. #149 Game Boy Promo PSA 8 Pokemon Card</h3> <table style=""width: 100%; border-collapse: collapse; margin-bottom: 18px;""> <tr><td style=""padding: 8px 0; border-bottom: 1px solid #eef2f7; font-weight: bold; width: 140px;"">Item</td><td style=""padding: 8px 0; border-bottom: 1px solid #eef2f7;"">Dragonite No. #149 - PSA 8</td></tr> <tr><td style=""padding: 8px 0; border-bottom: 1px solid #eef2f7; font-weight: bold;"">Set</td><td style=""padding: 8px 0; border-bottom: 1px solid #eef2f7;"">Game Boy Promo</td></tr> <tr><td style=""padding: 8px 0; border-bottom: 1px solid #eef2f7; font-weight: bold;"">Condition</td><td style=""padding: 8px 0; border-bottom: 1px solid #eef2f7;"">Professionally graded: PSA 8</td></tr> </table> <p style=""margin: 0 0 12px;"">You will receive the exact item shown in the photos. All card images are scanned by us. Scans may occasionally show scanner lines, dust, glare, faint artifacts, or other details picked up by the scanner that may not be present on the card itself.</p> <p style=""margin: 0 0 12px;"">Raw card conditions are listed using the TCGplayer condition guide as a reference. eBay may display equivalent marketplace terminology such as Near Mint or Better, Excellent, Very Good, or Poor. Please review all photos before purchasing.</p> <p style=""margin: 0 0 12px;"">Cards are packaged securely and shipped with care. Combined shipping is available when possible.</p> <div style=""background: #f6f8fc; border: 1px solid #e1e8f5; border-radius: 12px; padding: 14px; margin-top: 16px;""> <p style=""margin: 0; font-weight: bold; color: #07142f;"">More from Chella Collectibles</p> <p style=""margin: 6px 0 0;"">We have more Pokemon TCG singles, graded cards, and sealed products available. Visit our website or eBay store for more inventory.</p> </div> </div> </div> </div>",FixedPrice,GTC,449.99,,,,,1,1,"New Jersey, United States",,,,,,3,,,ReturnsNotAccepted,,,,,Shipping-Normal,,,,,,,,,,,,,,,,,,,,,,,,,,,,,
Add,CHELLA-GRADED-IMG779,183050,,Dragonite #4/62 Fossil Set CGC 9 Pokemon Card,,,,,2750,275015,275022,,,Pokémon,Fossil Set,Nintendo,,,,,,,,,,Non-Sport Trading Card,,,,,,,,,,,,,,,,,9,,CGC,,,4/62,Dragonite #4/62,Yes,,Professionally graded: CGC 9,,,,,https://chellacollectibles.com/images/img779.jpg,Gallery,,"<div style=""font-family: Arial, Helvetica, sans-serif; color: #111827; line-height: 1.55; max-width: 760px;""> <div style=""border: 1px solid #d9e2f2; border-radius: 14px; overflow: hidden;""> <div style=""background: #07142f; color: #ffffff; padding: 18px 20px;""> <h2 style=""margin: 0; font-size: 24px; letter-spacing: -0.3px;"">Chella Collectibles</h2> <p style=""margin: 6px 0 0; color: #ffdf3c; font-weight: bold;"">Pokemon TCG Singles, Graded Cards & Sealed Products</p> </div> <div style=""padding: 20px;""> <h3 style=""margin: 0 0 14px; color: #07142f; font-size: 21px;"">Dragonite #4/62 Fossil Set CGC 9 Pokemon Card</h3> <table style=""width: 100%; border-collapse: collapse; margin-bottom: 18px;""> <tr><td style=""padding: 8px 0; border-bottom: 1px solid #eef2f7; font-weight: bold; width: 140px;"">Item</td><td style=""padding: 8px 0; border-bottom: 1px solid #eef2f7;"">Dragonite #4/62 - CGC 9</td></tr> <tr><td style=""padding: 8px 0; border-bottom: 1px solid #eef2f7; font-weight: bold;"">Set</td><td style=""padding: 8px 0; border-bottom: 1px solid #eef2f7;"">Fossil Set</td></tr> <tr><td style=""padding: 8px 0; border-bottom: 1px solid #eef2f7; font-weight: bold;"">Condition</td><td style=""padding: 8px 0; border-bottom: 1px solid #eef2f7;"">Professionally graded: CGC 9</td></tr> </table> <p style=""margin: 0 0 12px;"">You will receive the exact item shown in the photos. All card images are scanned by us. Scans may occasionally show scanner lines, dust, glare, faint artifacts, or other details picked up by the scanner that may not be present on the card itself.</p> <p style=""margin: 0 0 12px;"">Raw card conditions are listed using the TCGplayer condition guide as a reference. eBay may display equivalent marketplace terminology such as Near Mint or Better, Excellent, Very Good, or Poor. Please review all photos before purchasing.</p> <p style=""margin: 0 0 12px;"">Cards are packaged securely and shipped with care. Combined shipping is available when possible.</p> <div style=""background: #f6f8fc; border: 1px solid #e1e8f5; border-radius: 12px; padding: 14px; margin-top: 16px;""> <p style=""margin: 0; font-weight: bold; color: #07142f;"">More from Chella Collectibles</p> <p style=""margin: 6px 0 0;"">We have more Pokemon TCG singles, graded cards, and sealed products available. Visit our website or eBay store for more inventory.</p> </div> </div> </div> </div>",FixedPrice,GTC,399.99,,,,,1,1,"New Jersey, United States",,,,,,3,,,ReturnsNotAccepted,,,,,Shipping-Normal,,,,,,,,,,,,,,,,,,,,,,,,,,,,,
Add,CHELLA-GRADED-IMG780,183050,,Lillie's Full Force #068/049 Dream League PSA 9 Pokemon Card,,,,,2750,275010,275022,,,Pokémon,Dream League,Nintendo,,,,,,,,,,Non-Sport Trading Card,,,,,,,,,,,,,,,,,9,,PSA,,,068/049,Lillie's Full Force #068/049,Yes,,Professionally graded: PSA 9,,,,,https://chellacollectibles.com/images/img780.jpg,Gallery,,"<div style=""font-family: Arial, Helvetica, sans-serif; color: #111827; line-height: 1.55; max-width: 760px;""> <div style=""border: 1px solid #d9e2f2; border-radius: 14px; overflow: hidden;""> <div style=""background: #07142f; color: #ffffff; padding: 18px 20px;""> <h2 style=""margin: 0; font-size: 24px; letter-spacing: -0.3px;"">Chella Collectibles</h2> <p style=""margin: 6px 0 0; color: #ffdf3c; font-weight: bold;"">Pokemon TCG Singles, Graded Cards & Sealed Products</p> </div> <div style=""padding: 20px;""> <h3 style=""margin: 0 0 14px; color: #07142f; font-size: 21px;"">Lillie&#x27;s Full Force #068/049 Dream League PSA 9 Pokemon Card</h3> <table style=""width: 100%; border-collapse: collapse; margin-bottom: 18px;""> <tr><td style=""padding: 8px 0; border-bottom: 1px solid #eef2f7; font-weight: bold; width: 140px;"">Item</td><td style=""padding: 8px 0; border-bottom: 1px solid #eef2f7;"">Lillie&#x27;s Full Force #068/049 - PSA 9</td></tr> <tr><td style=""padding: 8px 0; border-bottom: 1px solid #eef2f7; font-weight: bold;"">Set</td><td style=""padding: 8px 0; border-bottom: 1px solid #eef2f7;"">Dream League</td></tr> <tr><td style=""padding: 8px 0; border-bottom: 1px solid #eef2f7; font-weight: bold;"">Condition</td><td style=""padding: 8px 0; border-bottom: 1px solid #eef2f7;"">Professionally graded: PSA 9</td></tr> </table> <p style=""margin: 0 0 12px;"">You will receive the exact item shown in the photos. All card images are scanned by us. Scans may occasionally show scanner lines, dust, glare, faint artifacts, or other details picked up by the scanner that may not be present on the card itself.</p> <p style=""margin: 0 0 12px;"">Raw card conditions are listed using the TCGplayer condition guide as a reference. eBay may display equivalent marketplace terminology such as Near Mint or Better, Excellent, Very Good, or Poor. Please review all photos before purchasing.</p> <p style=""margin: 0 0 12px;"">Cards are packaged securely and shipped with care. Combined shipping is available when possible.</p> <div style=""background: #f6f8fc; border: 1px solid #e1e8f5; border-radius: 12px; padding: 14px; margin-top: 16px;""> <p style=""margin: 0; font-weight: bold; color: #07142f;"">More from Chella Collectibles</p> <p style=""margin: 6px 0 0;"">We have more Pokemon TCG singles, graded cards, and sealed products available. Visit our website or eBay store for more inventory.</p> </div> </div> </div> </div>",FixedPrice,GTC,149.99,,,,,1,1,"New Jersey, United States",,,,,,3,,,ReturnsNotAccepted,,,,,Shipping-Normal,,,,,,,,,,,,,,,,,,,,,,,,,,,,,
Add,CHELLA-GRADED-IMG781,183050,,Bianca #063/059 Cold Flare PSA 8 Pokemon Card,,,,,2750,275010,275024,,,Pokémon,Cold Flare,Nintendo,,,,,,,,,,Non-Sport Trading Card,,,,,,,,,,,,,,,,,8,,PSA,,,063/059,Bianca #063/059,Yes,,Professionally graded: PSA 8,,,,,https://chellacollectibles.com/images/img781.jpg,Gallery,,"<div style=""font-family: Arial, Helvetica, sans-serif; color: #111827; line-height: 1.55; max-width: 760px;""> <div style=""border: 1px solid #d9e2f2; border-radius: 14px; overflow: hidden;""> <div style=""background: #07142f; color: #ffffff; padding: 18px 20px;""> <h2 style=""margin: 0; font-size: 24px; letter-spacing: -0.3px;"">Chella Collectibles</h2> <p style=""margin: 6px 0 0; color: #ffdf3c; font-weight: bold;"">Pokemon TCG Singles, Graded Cards & Sealed Products</p> </div> <div style=""padding: 20px;""> <h3 style=""margin: 0 0 14px; color: #07142f; font-size: 21px;"">Bianca #063/059 Cold Flare PSA 8 Pokemon Card</h3> <table style=""width: 100%; border-collapse: collapse; margin-bottom: 18px;""> <tr><td style=""padding: 8px 0; border-bottom: 1px solid #eef2f7; font-weight: bold; width: 140px;"">Item</td><td style=""padding: 8px 0; border-bottom: 1px solid #eef2f7;"">Bianca #063/059 - PSA 8</td></tr> <tr><td style=""padding: 8px 0; border-bottom: 1px solid #eef2f7; font-weight: bold;"">Set</td><td style=""padding: 8px 0; border-bottom: 1px solid #eef2f7;"">Cold Flare</td></tr> <tr><td style=""padding: 8px 0; border-bottom: 1px solid #eef2f7; font-weight: bold;"">Condition</td><td style=""padding: 8px 0; border-bottom: 1px solid #eef2f7;"">Professionally graded: PSA 8</td></tr> </table> <p style=""margin: 0 0 12px;"">You will receive the exact item shown in the photos. All card images are scanned by us. Scans may occasionally show scanner lines, dust, glare, faint artifacts, or other details picked up by the scanner that may not be present on the card itself.</p> <p style=""margin: 0 0 12px;"">Raw card conditions are listed using the TCGplayer condition guide as a reference. eBay may display equivalent marketplace terminology such as Near Mint or Better, Excellent, Very Good, or Poor. Please review all photos before purchasing.</p> <p style=""margin: 0 0 12px;"">Cards are packaged securely and shipped with care. Combined shipping is available when possible.</p> <div style=""background: #f6f8fc; border: 1px solid #e1e8f5; border-radius: 12px; padding: 14px; margin-top: 16px;""> <p style=""margin: 0; font-weight: bold; color: #07142f;"">More from Chella Collectibles</p> <p style=""margin: 6px 0 0;"">We have more Pokemon TCG singles, graded cards, and sealed products available. Visit our website or eBay store for more inventory.</p> </div> </div> </div> </div>",FixedPrice,GTC,249.99,,,,,1,1,"New Jersey, United States",,,,,,3,,,ReturnsNotAccepted,,,,,Shipping-Normal,,,,,,,,,,,,,,,,,,,,,,,,,,,,,
Add,CHELLA-GRADED-IMG782,183050,,Blastoise & Piplup GX #016/064 Remix Bout PSA 10 Pokemon Card,,,,,2750,275010,275020,,,Pokémon,Remix Bout,Nintendo,,,,,,,,,,Non-Sport Trading Card,,,,,,,,,,,,,,,,,10,,PSA,,,016/064,Blastoise & Piplup GX #016/064,Yes,,Professionally graded: PSA 10,,,,,https://chellacollectibles.com/images/img782.jpg,Gallery,,"<div style=""font-family: Arial, Helvetica, sans-serif; color: #111827; line-height: 1.55; max-width: 760px;""> <div style=""border: 1px solid #d9e2f2; border-radius: 14px; overflow: hidden;""> <div style=""background: #07142f; color: #ffffff; padding: 18px 20px;""> <h2 style=""margin: 0; font-size: 24px; letter-spacing: -0.3px;"">Chella Collectibles</h2> <p style=""margin: 6px 0 0; color: #ffdf3c; font-weight: bold;"">Pokemon TCG Singles, Graded Cards & Sealed Products</p> </div> <div style=""padding: 20px;""> <h3 style=""margin: 0 0 14px; color: #07142f; font-size: 21px;"">Blastoise &amp; Piplup GX #016/064 Remix Bout PSA 10 Pokemon Card</h3> <table style=""width: 100%; border-collapse: collapse; margin-bottom: 18px;""> <tr><td style=""padding: 8px 0; border-bottom: 1px solid #eef2f7; font-weight: bold; width: 140px;"">Item</td><td style=""padding: 8px 0; border-bottom: 1px solid #eef2f7;"">Blastoise &amp; Piplup GX #016/064 - PSA 10</td></tr> <tr><td style=""padding: 8px 0; border-bottom: 1px solid #eef2f7; font-weight: bold;"">Set</td><td style=""padding: 8px 0; border-bottom: 1px solid #eef2f7;"">Remix Bout</td></tr> <tr><td style=""padding: 8px 0; border-bottom: 1px solid #eef2f7; font-weight: bold;"">Condition</td><td style=""padding: 8px 0; border-bottom: 1px solid #eef2f7;"">Professionally graded: PSA 10</td></tr> </table> <p style=""margin: 0 0 12px;"">You will receive the exact item shown in the photos. All card images are scanned by us. Scans may occasionally show scanner lines, dust, glare, faint artifacts, or other details picked up by the scanner that may not be present on the card itself.</p> <p style=""margin: 0 0 12px;"">Raw card conditions are listed using the TCGplayer condition guide as a reference. eBay may display equivalent marketplace terminology such as Near Mint or Better, Excellent, Very Good, or Poor. Please review all photos before purchasing.</p> <p style=""margin: 0 0 12px;"">Cards are packaged securely and shipped with care. Combined shipping is available when possible.</p> <div style=""background: #f6f8fc; border: 1px solid #e1e8f5; border-radius: 12px; padding: 14px; margin-top: 16px;""> <p style=""margin: 0; font-weight: bold; color: #07142f;"">More from Chella Collectibles</p> <p style=""margin: 6px 0 0;"">We have more Pokemon TCG singles, graded cards, and sealed products available. Visit our website or eBay store for more inventory.</p> </div> </div> </div> </div>",FixedPrice,GTC,139.99,,,,,1,1,"New Jersey, United States",,,,,,3,,,ReturnsNotAccepted,,,,,Shipping-Normal,,,,,,,,,,,,,,,,,,,,,,,,,,,,,
Add,CHELLA-GRADED-IMG783,183050,,Venusaur & Snivy GX #001/064 Remix Bout PSA 10 Pokemon Card,,,,,2750,275010,275020,,,Pokémon,Remix Bout,Nintendo,,,,,,,,,,Non-Sport Trading Card,,,,,,,,,,,,,,,,,10,,PSA,,,001/064,Venusaur & Snivy GX #001/064,Yes,,Professionally graded: PSA 10,,,,,https://chellacollectibles.com/images/img783.jpg,Gallery,,"<div style=""font-family: Arial, Helvetica, sans-serif; color: #111827; line-height: 1.55; max-width: 760px;""> <div style=""border: 1px solid #d9e2f2; border-radius: 14px; overflow: hidden;""> <div style=""background: #07142f; color: #ffffff; padding: 18px 20px;""> <h2 style=""margin: 0; font-size: 24px; letter-spacing: -0.3px;"">Chella Collectibles</h2> <p style=""margin: 6px 0 0; color: #ffdf3c; font-weight: bold;"">Pokemon TCG Singles, Graded Cards & Sealed Products</p> </div> <div style=""padding: 20px;""> <h3 style=""margin: 0 0 14px; color: #07142f; font-size: 21px;"">Venusaur &amp; Snivy GX #001/064 Remix Bout PSA 10 Pokemon Card</h3> <table style=""width: 100%; border-collapse: collapse; margin-bottom: 18px;""> <tr><td style=""padding: 8px 0; border-bottom: 1px solid #eef2f7; font-weight: bold; width: 140px;"">Item</td><td style=""padding: 8px 0; border-bottom: 1px solid #eef2f7;"">Venusaur &amp; Snivy GX #001/064 - PSA 10</td></tr> <tr><td style=""padding: 8px 0; border-bottom: 1px solid #eef2f7; font-weight: bold;"">Set</td><td style=""padding: 8px 0; border-bottom: 1px solid #eef2f7;"">Remix Bout</td></tr> <tr><td style=""padding: 8px 0; border-bottom: 1px solid #eef2f7; font-weight: bold;"">Condition</td><td style=""padding: 8px 0; border-bottom: 1px solid #eef2f7;"">Professionally graded: PSA 10</td></tr> </table> <p style=""margin: 0 0 12px;"">You will receive the exact item shown in the photos. All card images are scanned by us. Scans may occasionally show scanner lines, dust, glare, faint artifacts, or other details picked up by the scanner that may not be present on the card itself.</p> <p style=""margin: 0 0 12px;"">Raw card conditions are listed using the TCGplayer condition guide as a reference. eBay may display equivalent marketplace terminology such as Near Mint or Better, Excellent, Very Good, or Poor. Please review all photos before purchasing.</p> <p style=""margin: 0 0 12px;"">Cards are packaged securely and shipped with care. Combined shipping is available when possible.</p> <div style=""background: #f6f8fc; border: 1px solid #e1e8f5; border-radius: 12px; padding: 14px; margin-top: 16px;""> <p style=""margin: 0; font-weight: bold; color: #07142f;"">More from Chella Collectibles</p> <p style=""margin: 6px 0 0;"">We have more Pokemon TCG singles, graded cards, and sealed products available. Visit our website or eBay store for more inventory.</p> </div> </div> </div> </div>",FixedPrice,GTC,74.99,,,,,1,1,"New Jersey, United States",,,,,,3,,,ReturnsNotAccepted,,,,,Shipping-Normal,,,,,,,,,,,,,,,,,,,,,,,,,,,,,
Add,CHELLA-GRADED-IMG785,183050,,Blue's Tactics #193/173 Tag Team All Stars GX PSA 9 Pokemon Card,,,,,2750,275010,275022,,,Pokémon,Tag Team All Stars GX,Nintendo,,,,,,,,,,Non-Sport Trading Card,,,,,,,,,,,,,,,,,9,,PSA,,,193/173,Blue's Tactics #193/173,Yes,,Professionally graded: PSA 9,,,,,https://chellacollectibles.com/images/img785.jpg,Gallery,,"<div style=""font-family: Arial, Helvetica, sans-serif; color: #111827; line-height: 1.55; max-width: 760px;""> <div style=""border: 1px solid #d9e2f2; border-radius: 14px; overflow: hidden;""> <div style=""background: #07142f; color: #ffffff; padding: 18px 20px;""> <h2 style=""margin: 0; font-size: 24px; letter-spacing: -0.3px;"">Chella Collectibles</h2> <p style=""margin: 6px 0 0; color: #ffdf3c; font-weight: bold;"">Pokemon TCG Singles, Graded Cards & Sealed Products</p> </div> <div style=""padding: 20px;""> <h3 style=""margin: 0 0 14px; color: #07142f; font-size: 21px;"">Blue&#x27;s Tactics #193/173 Tag Team All Stars GX PSA 9 Pokemon Card</h3> <table style=""width: 100%; border-collapse: collapse; margin-bottom: 18px;""> <tr><td style=""padding: 8px 0; border-bottom: 1px solid #eef2f7; font-weight: bold; width: 140px;"">Item</td><td style=""padding: 8px 0; border-bottom: 1px solid #eef2f7;"">Blue&#x27;s Tactics #193/173 - PSA 9</td></tr> <tr><td style=""padding: 8px 0; border-bottom: 1px solid #eef2f7; font-weight: bold;"">Set</td><td style=""padding: 8px 0; border-bottom: 1px solid #eef2f7;"">Tag Team All Stars GX</td></tr> <tr><td style=""padding: 8px 0; border-bottom: 1px solid #eef2f7; font-weight: bold;"">Condition</td><td style=""padding: 8px 0; border-bottom: 1px solid #eef2f7;"">Professionally graded: PSA 9</td></tr> </table> <p style=""margin: 0 0 12px;"">You will receive the exact item shown in the photos. All card images are scanned by us. Scans may occasionally show scanner lines, dust, glare, faint artifacts, or other details picked up by the scanner that may not be present on the card itself.</p> <p style=""margin: 0 0 12px;"">Raw card conditions are listed using the TCGplayer condition guide as a reference. eBay may display equivalent marketplace terminology such as Near Mint or Better, Excellent, Very Good, or Poor. Please review all photos before purchasing.</p> <p style=""margin: 0 0 12px;"">Cards are packaged securely and shipped with care. Combined shipping is available when possible.</p> <div style=""background: #f6f8fc; border: 1px solid #e1e8f5; border-radius: 12px; padding: 14px; margin-top: 16px;""> <p style=""margin: 0; font-weight: bold; color: #07142f;"">More from Chella Collectibles</p> <p style=""margin: 6px 0 0;"">We have more Pokemon TCG singles, graded cards, and sealed products available. Visit our website or eBay store for more inventory.</p> </div> </div> </div> </div>",FixedPrice,GTC,249.99,,,,,1,1,"New Jersey, United States",,,,,,3,,,ReturnsNotAccepted,,,,,Shipping-Normal,,,,,,,,,,,,,,,,,,,,,,,,,,,,,
Add,CHELLA-GRADED-IMG786,183050,,Pokemon Fan Club #087/080 Wild Blaze PSA 6 Pokemon Card,,,,,2750,275010,275028,,,Pokémon,Wild Blaze,Nintendo,,,,,,,,,,Non-Sport Trading Card,,,,,,,,,,,,,,,,,6,,PSA,,,087/080,Pokemon Fan Club #087/080,Yes,,Professionally graded: PSA 6,,,,,https://chellacollectibles.com/images/img786.jpg,Gallery,,"<div style=""font-family: Arial, Helvetica, sans-serif; color: #111827; line-height: 1.55; max-width: 760px;""> <div style=""border: 1px solid #d9e2f2; border-radius: 14px; overflow: hidden;""> <div style=""background: #07142f; color: #ffffff; padding: 18px 20px;""> <h2 style=""margin: 0; font-size: 24px; letter-spacing: -0.3px;"">Chella Collectibles</h2> <p style=""margin: 6px 0 0; color: #ffdf3c; font-weight: bold;"">Pokemon TCG Singles, Graded Cards & Sealed Products</p> </div> <div style=""padding: 20px;""> <h3 style=""margin: 0 0 14px; color: #07142f; font-size: 21px;"">Pokemon Fan Club #087/080 Wild Blaze PSA 6 Pokemon Card</h3> <table style=""width: 100%; border-collapse: collapse; margin-bottom: 18px;""> <tr><td style=""padding: 8px 0; border-bottom: 1px solid #eef2f7; font-weight: bold; width: 140px;"">Item</td><td style=""padding: 8px 0; border-bottom: 1px solid #eef2f7;"">Pokemon Fan Club #087/080 - PSA 6</td></tr> <tr><td style=""padding: 8px 0; border-bottom: 1px solid #eef2f7; font-weight: bold;"">Set</td><td style=""padding: 8px 0; border-bottom: 1px solid #eef2f7;"">Wild Blaze</td></tr> <tr><td style=""padding: 8px 0; border-bottom: 1px solid #eef2f7; font-weight: bold;"">Condition</td><td style=""padding: 8px 0; border-bottom: 1px solid #eef2f7;"">Professionally graded: PSA 6</td></tr> </table> <p style=""margin: 0 0 12px;"">You will receive the exact item shown in the photos. All card images are scanned by us. Scans may occasionally show scanner lines, dust, glare, faint artifacts, or other details picked up by the scanner that may not be present on the card itself.</p> <p style=""margin: 0 0 12px;"">Raw card conditions are listed using the TCGplayer condition guide as a reference. eBay may display equivalent marketplace terminology such as Near Mint or Better, Excellent, Very Good, or Poor. Please review all photos before purchasing.</p> <p style=""margin: 0 0 12px;"">Cards are packaged securely and shipped with care. Combined shipping is available when possible.</p> <div style=""background: #f6f8fc; border: 1px solid #e1e8f5; border-radius: 12px; padding: 14px; margin-top: 16px;""> <p style=""margin: 0; font-weight: bold; color: #07142f;"">More from Chella Collectibles</p> <p style=""margin: 6px 0 0;"">We have more Pokemon TCG singles, graded cards, and sealed products available. Visit our website or eBay store for more inventory.</p> </div> </div> </div> </div>",FixedPrice,GTC,49.99,,,,,1,1,"New Jersey, United States",,,,,,3,,,ReturnsNotAccepted,,,,,Shipping-Normal,,,,,,,,,,,,,,,,,,,,,,,,,,,,,
Add,CHELLA-GRADED-IMG787,183050,,Hex Maniac #173/XY-P PM Card Gym Promo PSA 9 Pokemon Card,,,,,2750,275010,275022,,,Pokémon,PM Card Gym Promo,Nintendo,,,,,,,,,,Non-Sport Trading Card,,,,,,,,,,,,,,,,,9,,PSA,,,173/XY,Hex Maniac #173/XY-P,Yes,,Professionally graded: PSA 9,,,,,https://chellacollectibles.com/images/img787.jpg,Gallery,,"<div style=""font-family: Arial, Helvetica, sans-serif; color: #111827; line-height: 1.55; max-width: 760px;""> <div style=""border: 1px solid #d9e2f2; border-radius: 14px; overflow: hidden;""> <div style=""background: #07142f; color: #ffffff; padding: 18px 20px;""> <h2 style=""margin: 0; font-size: 24px; letter-spacing: -0.3px;"">Chella Collectibles</h2> <p style=""margin: 6px 0 0; color: #ffdf3c; font-weight: bold;"">Pokemon TCG Singles, Graded Cards & Sealed Products</p> </div> <div style=""padding: 20px;""> <h3 style=""margin: 0 0 14px; color: #07142f; font-size: 21px;"">Hex Maniac #173/XY-P PM Card Gym Promo PSA 9 Pokemon Card</h3> <table style=""width: 100%; border-collapse: collapse; margin-bottom: 18px;""> <tr><td style=""padding: 8px 0; border-bottom: 1px solid #eef2f7; font-weight: bold; width: 140px;"">Item</td><td style=""padding: 8px 0; border-bottom: 1px solid #eef2f7;"">Hex Maniac #173/XY-P - PSA 9</td></tr> <tr><td style=""padding: 8px 0; border-bottom: 1px solid #eef2f7; font-weight: bold;"">Set</td><td style=""padding: 8px 0; border-bottom: 1px solid #eef2f7;"">PM Card Gym Promo</td></tr> <tr><td style=""padding: 8px 0; border-bottom: 1px solid #eef2f7; font-weight: bold;"">Condition</td><td style=""padding: 8px 0; border-bottom: 1px solid #eef2f7;"">Professionally graded: PSA 9</td></tr> </table> <p style=""margin: 0 0 12px;"">You will receive the exact item shown in the photos. All card images are scanned by us. Scans may occasionally show scanner lines, dust, glare, faint artifacts, or other details picked up by the scanner that may not be present on the card itself.</p> <p style=""margin: 0 0 12px;"">Raw card conditions are listed using the TCGplayer condition guide as a reference. eBay may display equivalent marketplace terminology such as Near Mint or Better, Excellent, Very Good, or Poor. Please review all photos before purchasing.</p> <p style=""margin: 0 0 12px;"">Cards are packaged securely and shipped with care. Combined shipping is available when possible.</p> <div style=""background: #f6f8fc; border: 1px solid #e1e8f5; border-radius: 12px; padding: 14px; margin-top: 16px;""> <p style=""margin: 0; font-weight: bold; color: #07142f;"">More from Chella Collectibles</p> <p style=""margin: 6px 0 0;"">We have more Pokemon TCG singles, graded cards, and sealed products available. Visit our website or eBay store for more inventory.</p> </div> </div> </div> </div>",FixedPrice,GTC,39.99,,,,,1,1,"New Jersey, United States",,,,,,3,,,ReturnsNotAccepted,,,,,Shipping-Normal,,,,,,,,,,,,,,,,,,,,,,,,,,,,,
Add,CHELLA-GRADED-IMG788,183050,,Aerodactyl V Chinese #106/100 Lost Abyss CGC 10 Pokemon Card,,,,,2750,275015,275020,,,Pokémon,Lost Abyss,Nintendo,,,,,,,,,,Non-Sport Trading Card,,,,,,,,,,,,,,,,,10,,CGC,,,106/100,Aerodactyl V Chinese #106/100,Yes,,Professionally graded: CGC 10,,,,,https://chellacollectibles.com/images/img788.jpg,Gallery,,"<div style=""font-family: Arial, Helvetica, sans-serif; color: #111827; line-height: 1.55; max-width: 760px;""> <div style=""border: 1px solid #d9e2f2; border-radius: 14px; overflow: hidden;""> <div style=""background: #07142f; color: #ffffff; padding: 18px 20px;""> <h2 style=""margin: 0; font-size: 24px; letter-spacing: -0.3px;"">Chella Collectibles</h2> <p style=""margin: 6px 0 0; color: #ffdf3c; font-weight: bold;"">Pokemon TCG Singles, Graded Cards & Sealed Products</p> </div> <div style=""padding: 20px;""> <h3 style=""margin: 0 0 14px; color: #07142f; font-size: 21px;"">Aerodactyl V Chinese #106/100 Lost Abyss CGC 10 Pokemon Card</h3> <table style=""width: 100%; border-collapse: collapse; margin-bottom: 18px;""> <tr><td style=""padding: 8px 0; border-bottom: 1px solid #eef2f7; font-weight: bold; width: 140px;"">Item</td><td style=""padding: 8px 0; border-bottom: 1px solid #eef2f7;"">Aerodactyl V Chinese #106/100 - CGC 10</td></tr> <tr><td style=""padding: 8px 0; border-bottom: 1px solid #eef2f7; font-weight: bold;"">Set</td><td style=""padding: 8px 0; border-bottom: 1px solid #eef2f7;"">Lost Abyss</td></tr> <tr><td style=""padding: 8px 0; border-bottom: 1px solid #eef2f7; font-weight: bold;"">Condition</td><td style=""padding: 8px 0; border-bottom: 1px solid #eef2f7;"">Professionally graded: CGC 10</td></tr> </table> <p style=""margin: 0 0 12px;"">You will receive the exact item shown in the photos. All card images are scanned by us. Scans may occasionally show scanner lines, dust, glare, faint artifacts, or other details picked up by the scanner that may not be present on the card itself.</p> <p style=""margin: 0 0 12px;"">Raw card conditions are listed using the TCGplayer condition guide as a reference. eBay may display equivalent marketplace terminology such as Near Mint or Better, Excellent, Very Good, or Poor. Please review all photos before purchasing.</p> <p style=""margin: 0 0 12px;"">Cards are packaged securely and shipped with care. Combined shipping is available when possible.</p> <div style=""background: #f6f8fc; border: 1px solid #e1e8f5; border-radius: 12px; padding: 14px; margin-top: 16px;""> <p style=""margin: 0; font-weight: bold; color: #07142f;"">More from Chella Collectibles</p> <p style=""margin: 6px 0 0;"">We have more Pokemon TCG singles, graded cards, and sealed products available. Visit our website or eBay store for more inventory.</p> </div> </div> </div> </div>",FixedPrice,GTC,69.99,,,,,1,1,"New Jersey, United States",,,,,,3,,,ReturnsNotAccepted,,,,,Shipping-Normal,,,,,,,,,,,,,,,,,,,,,,,,,,,,,
Add,CHELLA-GRADED-IMG789,183050,,Machamp V Chinese #073/067 Time Gazer CGC 10 Pokemon Card,,,,,2750,275015,275020,,,Pokémon,Time Gazer,Nintendo,,,,,,,,,,Non-Sport Trading Card,,,,,,,,,,,,,,,,,10,,CGC,,,073/067,Machamp V Chinese #073/067,Yes,,Professionally graded: CGC 10,,,,,https://chellacollectibles.com/images/img789.jpg,Gallery,,"<div style=""font-family: Arial, Helvetica, sans-serif; color: #111827; line-height: 1.55; max-width: 760px;""> <div style=""border: 1px solid #d9e2f2; border-radius: 14px; overflow: hidden;""> <div style=""background: #07142f; color: #ffffff; padding: 18px 20px;""> <h2 style=""margin: 0; font-size: 24px; letter-spacing: -0.3px;"">Chella Collectibles</h2> <p style=""margin: 6px 0 0; color: #ffdf3c; font-weight: bold;"">Pokemon TCG Singles, Graded Cards & Sealed Products</p> </div> <div style=""padding: 20px;""> <h3 style=""margin: 0 0 14px; color: #07142f; font-size: 21px;"">Machamp V Chinese #073/067 Time Gazer CGC 10 Pokemon Card</h3> <table style=""width: 100%; border-collapse: collapse; margin-bottom: 18px;""> <tr><td style=""padding: 8px 0; border-bottom: 1px solid #eef2f7; font-weight: bold; width: 140px;"">Item</td><td style=""padding: 8px 0; border-bottom: 1px solid #eef2f7;"">Machamp V Chinese #073/067 - CGC 10</td></tr> <tr><td style=""padding: 8px 0; border-bottom: 1px solid #eef2f7; font-weight: bold;"">Set</td><td style=""padding: 8px 0; border-bottom: 1px solid #eef2f7;"">Time Gazer</td></tr> <tr><td style=""padding: 8px 0; border-bottom: 1px solid #eef2f7; font-weight: bold;"">Condition</td><td style=""padding: 8px 0; border-bottom: 1px solid #eef2f7;"">Professionally graded: CGC 10</td></tr> </table> <p style=""margin: 0 0 12px;"">You will receive the exact item shown in the photos. All card images are scanned by us. Scans may occasionally show scanner lines, dust, glare, faint artifacts, or other details picked up by the scanner that may not be present on the card itself.</p> <p style=""margin: 0 0 12px;"">Raw card conditions are listed using the TCGplayer condition guide as a reference. eBay may display equivalent marketplace terminology such as Near Mint or Better, Excellent, Very Good, or Poor. Please review all photos before purchasing.</p> <p style=""margin: 0 0 12px;"">Cards are packaged securely and shipped with care. Combined shipping is available when possible.</p> <div style=""background: #f6f8fc; border: 1px solid #e1e8f5; border-radius: 12px; padding: 14px; margin-top: 16px;""> <p style=""margin: 0; font-weight: bold; color: #07142f;"">More from Chella Collectibles</p> <p style=""margin: 6px 0 0;"">We have more Pokemon TCG singles, graded cards, and sealed products available. Visit our website or eBay store for more inventory.</p> </div> </div> </div> </div>",FixedPrice,GTC,59.99,,,,,1,1,"New Jersey, United States",,,,,,3,,,ReturnsNotAccepted,,,,,Shipping-Normal,,,,,,,,,,,,,,,,,,,,,,,,,,,,,
Add,CHELLA-GRADED-IMG791,183050,,Arceus V #267/S-P Legends Arceus Pre-Order CGC 10 Pokemon Card,,,,,2750,275015,275020,,,Pokémon,Legends Arceus Pre-Order,Nintendo,,,,,,,,,,Non-Sport Trading Card,,,,,,,,,,,,,,,,,10,,CGC,,,267/S,Arceus V #267/S-P,Yes,,Professionally graded: CGC 10,,,,,https://chellacollectibles.com/images/img791.jpg,Gallery,,"<div style=""font-family: Arial, Helvetica, sans-serif; color: #111827; line-height: 1.55; max-width: 760px;""> <div style=""border: 1px solid #d9e2f2; border-radius: 14px; overflow: hidden;""> <div style=""background: #07142f; color: #ffffff; padding: 18px 20px;""> <h2 style=""margin: 0; font-size: 24px; letter-spacing: -0.3px;"">Chella Collectibles</h2> <p style=""margin: 6px 0 0; color: #ffdf3c; font-weight: bold;"">Pokemon TCG Singles, Graded Cards & Sealed Products</p> </div> <div style=""padding: 20px;""> <h3 style=""margin: 0 0 14px; color: #07142f; font-size: 21px;"">Arceus V #267/S-P Legends Arceus Pre-Order CGC 10 Pokemon Card</h3> <table style=""width: 100%; border-collapse: collapse; margin-bottom: 18px;""> <tr><td style=""padding: 8px 0; border-bottom: 1px solid #eef2f7; font-weight: bold; width: 140px;"">Item</td><td style=""padding: 8px 0; border-bottom: 1px solid #eef2f7;"">Arceus V #267/S-P - CGC 10</td></tr> <tr><td style=""padding: 8px 0; border-bottom: 1px solid #eef2f7; font-weight: bold;"">Set</td><td style=""padding: 8px 0; border-bottom: 1px solid #eef2f7;"">Legends Arceus Pre-Order</td></tr> <tr><td style=""padding: 8px 0; border-bottom: 1px solid #eef2f7; font-weight: bold;"">Condition</td><td style=""padding: 8px 0; border-bottom: 1px solid #eef2f7;"">Professionally graded: CGC 10</td></tr> </table> <p style=""margin: 0 0 12px;"">You will receive the exact item shown in the photos. All card images are scanned by us. Scans may occasionally show scanner lines, dust, glare, faint artifacts, or other details picked up by the scanner that may not be present on the card itself.</p> <p style=""margin: 0 0 12px;"">Raw card conditions are listed using the TCGplayer condition guide as a reference. eBay may display equivalent marketplace terminology such as Near Mint or Better, Excellent, Very Good, or Poor. Please review all photos before purchasing.</p> <p style=""margin: 0 0 12px;"">Cards are packaged securely and shipped with care. Combined shipping is available when possible.</p> <div style=""background: #f6f8fc; border: 1px solid #e1e8f5; border-radius: 12px; padding: 14px; margin-top: 16px;""> <p style=""margin: 0; font-weight: bold; color: #07142f;"">More from Chella Collectibles</p> <p style=""margin: 6px 0 0;"">We have more Pokemon TCG singles, graded cards, and sealed products available. Visit our website or eBay store for more inventory.</p> </div> </div> </div> </div>",FixedPrice,GTC,99.99,,,,,1,1,"New Jersey, United States",,,,,,3,,,ReturnsNotAccepted,,,,,Shipping-Normal,,,,,,,,,,,,,,,,,,,,,,,,,,,,,
Add,CHELLA-GRADED-IMG797,183050,,Gardevoir #072/068 Incandescent Arcana CGC 10 Pokemon Card,,,,,2750,275015,275020,,,Pokémon,Incandescent Arcana,Nintendo,,,,,,,,,,Non-Sport Trading Card,,,,,,,,,,,,,,,,,10,,CGC,,,072/068,Gardevoir #072/068,Yes,,Professionally graded: CGC 10,,,,,https://chellacollectibles.com/images/img797.jpg,Gallery,,"<div style=""font-family: Arial, Helvetica, sans-serif; color: #111827; line-height: 1.55; max-width: 760px;""> <div style=""border: 1px solid #d9e2f2; border-radius: 14px; overflow: hidden;""> <div style=""background: #07142f; color: #ffffff; padding: 18px 20px;""> <h2 style=""margin: 0; font-size: 24px; letter-spacing: -0.3px;"">Chella Collectibles</h2> <p style=""margin: 6px 0 0; color: #ffdf3c; font-weight: bold;"">Pokemon TCG Singles, Graded Cards & Sealed Products</p> </div> <div style=""padding: 20px;""> <h3 style=""margin: 0 0 14px; color: #07142f; font-size: 21px;"">Gardevoir #072/068 Incandescent Arcana CGC 10 Pokemon Card</h3> <table style=""width: 100%; border-collapse: collapse; margin-bottom: 18px;""> <tr><td style=""padding: 8px 0; border-bottom: 1px solid #eef2f7; font-weight: bold; width: 140px;"">Item</td><td style=""padding: 8px 0; border-bottom: 1px solid #eef2f7;"">Gardevoir #072/068 - CGC 10</td></tr> <tr><td style=""padding: 8px 0; border-bottom: 1px solid #eef2f7; font-weight: bold;"">Set</td><td style=""padding: 8px 0; border-bottom: 1px solid #eef2f7;"">Incandescent Arcana</td></tr> <tr><td style=""padding: 8px 0; border-bottom: 1px solid #eef2f7; font-weight: bold;"">Condition</td><td style=""padding: 8px 0; border-bottom: 1px solid #eef2f7;"">Professionally graded: CGC 10</td></tr> </table> <p style=""margin: 0 0 12px;"">You will receive the exact item shown in the photos. All card images are scanned by us. Scans may occasionally show scanner lines, dust, glare, faint artifacts, or other details picked up by the scanner that may not be present on the card itself.</p> <p style=""margin: 0 0 12px;"">Raw card conditions are listed using the TCGplayer condition guide as a reference. eBay may display equivalent marketplace terminology such as Near Mint or Better, Excellent, Very Good, or Poor. Please review all photos before purchasing.</p> <p style=""margin: 0 0 12px;"">Cards are packaged securely and shipped with care. Combined shipping is available when possible.</p> <div style=""background: #f6f8fc; border: 1px solid #e1e8f5; border-radius: 12px; padding: 14px; margin-top: 16px;""> <p style=""margin: 0; font-weight: bold; color: #07142f;"">More from Chella Collectibles</p> <p style=""margin: 6px 0 0;"">We have more Pokemon TCG singles, graded cards, and sealed products available. Visit our website or eBay store for more inventory.</p> </div> </div> </div> </div>",FixedPrice,GTC,19.99,,,,,1,1,"New Jersey, United States",,,,,,3,,,ReturnsNotAccepted,,,,,Shipping-Normal,,,,,,,,,,,,,,,,,,,,,,,,,,,,,
Add,CHELLA-GRADED-IMG798,183050,,Lapras #172/172 VSTAR Universe CGC 10 Pokemon Card,,,,,2750,275015,275020,,,Pokémon,VSTAR Universe,Nintendo,,,,,,,,,,Non-Sport Trading Card,,,,,,,,,,,,,,,,,10,,CGC,,,172/172,Lapras #172/172,Yes,,Professionally graded: CGC 10,,,,,https://chellacollectibles.com/images/img798.jpg,Gallery,,"<div style=""font-family: Arial, Helvetica, sans-serif; color: #111827; line-height: 1.55; max-width: 760px;""> <div style=""border: 1px solid #d9e2f2; border-radius: 14px; overflow: hidden;""> <div style=""background: #07142f; color: #ffffff; padding: 18px 20px;""> <h2 style=""margin: 0; font-size: 24px; letter-spacing: -0.3px;"">Chella Collectibles</h2> <p style=""margin: 6px 0 0; color: #ffdf3c; font-weight: bold;"">Pokemon TCG Singles, Graded Cards & Sealed Products</p> </div> <div style=""padding: 20px;""> <h3 style=""margin: 0 0 14px; color: #07142f; font-size: 21px;"">Lapras #172/172 VSTAR Universe CGC 10 Pokemon Card</h3> <table style=""width: 100%; border-collapse: collapse; margin-bottom: 18px;""> <tr><td style=""padding: 8px 0; border-bottom: 1px solid #eef2f7; font-weight: bold; width: 140px;"">Item</td><td style=""padding: 8px 0; border-bottom: 1px solid #eef2f7;"">Lapras #172/172 - CGC 10</td></tr> <tr><td style=""padding: 8px 0; border-bottom: 1px solid #eef2f7; font-weight: bold;"">Set</td><td style=""padding: 8px 0; border-bottom: 1px solid #eef2f7;"">VSTAR Universe</td></tr> <tr><td style=""padding: 8px 0; border-bottom: 1px solid #eef2f7; font-weight: bold;"">Condition</td><td style=""padding: 8px 0; border-bottom: 1px solid #eef2f7;"">Professionally graded: CGC 10</td></tr> </table> <p style=""margin: 0 0 12px;"">You will receive the exact item shown in the photos. All card images are scanned by us. Scans may occasionally show scanner lines, dust, glare, faint artifacts, or other details picked up by the scanner that may not be present on the card itself.</p> <p style=""margin: 0 0 12px;"">Raw card conditions are listed using the TCGplayer condition guide as a reference. eBay may display equivalent marketplace terminology such as Near Mint or Better, Excellent, Very Good, or Poor. Please review all photos before purchasing.</p> <p style=""margin: 0 0 12px;"">Cards are packaged securely and shipped with care. Combined shipping is available when possible.</p> <div style=""background: #f6f8fc; border: 1px solid #e1e8f5; border-radius: 12px; padding: 14px; margin-top: 16px;""> <p style=""margin: 0; font-weight: bold; color: #07142f;"">More from Chella Collectibles</p> <p style=""margin: 6px 0 0;"">We have more Pokemon TCG singles, graded cards, and sealed products available. Visit our website or eBay store for more inventory.</p> </div> </div> </div> </div>",FixedPrice,GTC,19.99,,,,,1,1,"New Jersey, United States",,,,,,3,,,ReturnsNotAccepted,,,,,Shipping-Normal,,,,,,,,,,,,,,,,,,,,,,,,,,,,,
Add,CHELLA-SINGLE-SINGLES-2832,183050,,Alakazam #1/12 Jumbo Box Topper Expedition Set Pokemon Card HP,,,,,4000,,,,400013,Pokémon,Expedition Set,Nintendo,,,,,,,,,,Non-Sport Trading Card,,,,,,,,,,,,,,,,,,,,,,1/12,Alakazam #1/12 Jumbo Box Topper,No,,Heavily Played (HP) / eBay equivalent: Poor,,,,,https://chellacollectibles.com/images/singles_2832.jpg|https://chellacollectibles.com/images/singles_2833.jpg,Gallery,,"<div style=""font-family: Arial, Helvetica, sans-serif; color: #111827; line-height: 1.55; max-width: 760px;""> <div style=""border: 1px solid #d9e2f2; border-radius: 14px; overflow: hidden;""> <div style=""background: #07142f; color: #ffffff; padding: 18px 20px;""> <h2 style=""margin: 0; font-size: 24px; letter-spacing: -0.3px;"">Chella Collectibles</h2> <p style=""margin: 6px 0 0; color: #ffdf3c; font-weight: bold;"">Pokemon TCG Singles, Graded Cards & Sealed Products</p> </div> <div style=""padding: 20px;""> <h3 style=""margin: 0 0 14px; color: #07142f; font-size: 21px;"">Alakazam #1/12 Jumbo Box Topper Expedition Set Pokemon Card HP</h3> <table style=""width: 100%; border-collapse: collapse; margin-bottom: 18px;""> <tr><td style=""padding: 8px 0; border-bottom: 1px solid #eef2f7; font-weight: bold; width: 140px;"">Item</td><td style=""padding: 8px 0; border-bottom: 1px solid #eef2f7;"">Alakazam #1/12 - Jumbo Box Topper - Heavily Played</td></tr> <tr><td style=""padding: 8px 0; border-bottom: 1px solid #eef2f7; font-weight: bold;"">Set</td><td style=""padding: 8px 0; border-bottom: 1px solid #eef2f7;"">Expedition Set</td></tr> <tr><td style=""padding: 8px 0; border-bottom: 1px solid #eef2f7; font-weight: bold;"">Condition</td><td style=""padding: 8px 0; border-bottom: 1px solid #eef2f7;"">Heavily Played (HP) / eBay equivalent: Poor</td></tr> </table> <p style=""margin: 0 0 12px;"">You will receive the exact item shown in the photos. All card images are scanned by us. Scans may occasionally show scanner lines, dust, glare, faint artifacts, or other details picked up by the scanner that may not be present on the card itself.</p> <p style=""margin: 0 0 12px;"">Raw card conditions are listed using the TCGplayer condition guide as a reference. eBay may display equivalent marketplace terminology such as Near Mint or Better, Excellent, Very Good, or Poor. Please review all photos before purchasing.</p> <p style=""margin: 0 0 12px;"">Cards are packaged securely and shipped with care. Combined shipping is available when possible.</p> <div style=""background: #f6f8fc; border: 1px solid #e1e8f5; border-radius: 12px; padding: 14px; margin-top: 16px;""> <p style=""margin: 0; font-weight: bold; color: #07142f;"">More from Chella Collectibles</p> <p style=""margin: 6px 0 0;"">We have more Pokemon TCG singles, graded cards, and sealed products available. Visit our website or eBay store for more inventory.</p> </div> </div> </div> </div>",FixedPrice,GTC,149.99,,,,,1,1,"New Jersey, United States",,,,,,3,,,ReturnsNotAccepted,,,,,Shipping-Normal,,,,,,,,,,,,,,,,,,,,,,,,,,,,,
Add,CHELLA-SINGLE-SINGLES-2834,183050,,Tyranitar #3/12 Jumbo Box Topper Expedition Set Pokemon Card HP,,,,,4000,,,,400013,Pokémon,Expedition Set,Nintendo,,,,,,,,,,Non-Sport Trading Card,,,,,,,,,,,,,,,,,,,,,,3/12,Tyranitar #3/12 Jumbo Box Topper,No,,Heavily Played (HP) / eBay equivalent: Poor,,,,,https://chellacollectibles.com/images/singles_2834.jpg|https://chellacollectibles.com/images/singles_2835.jpg,Gallery,,"<div style=""font-family: Arial, Helvetica, sans-serif; color: #111827; line-height: 1.55; max-width: 760px;""> <div style=""border: 1px solid #d9e2f2; border-radius: 14px; overflow: hidden;""> <div style=""background: #07142f; color: #ffffff; padding: 18px 20px;""> <h2 style=""margin: 0; font-size: 24px; letter-spacing: -0.3px;"">Chella Collectibles</h2> <p style=""margin: 6px 0 0; color: #ffdf3c; font-weight: bold;"">Pokemon TCG Singles, Graded Cards & Sealed Products</p> </div> <div style=""padding: 20px;""> <h3 style=""margin: 0 0 14px; color: #07142f; font-size: 21px;"">Tyranitar #3/12 Jumbo Box Topper Expedition Set Pokemon Card HP</h3> <table style=""width: 100%; border-collapse: collapse; margin-bottom: 18px;""> <tr><td style=""padding: 8px 0; border-bottom: 1px solid #eef2f7; font-weight: bold; width: 140px;"">Item</td><td style=""padding: 8px 0; border-bottom: 1px solid #eef2f7;"">Tyranitar #3/12 - Jumbo Box Topper - Heavily Played</td></tr> <tr><td style=""padding: 8px 0; border-bottom: 1px solid #eef2f7; font-weight: bold;"">Set</td><td style=""padding: 8px 0; border-bottom: 1px solid #eef2f7;"">Expedition Set</td></tr> <tr><td style=""padding: 8px 0; border-bottom: 1px solid #eef2f7; font-weight: bold;"">Condition</td><td style=""padding: 8px 0; border-bottom: 1px solid #eef2f7;"">Heavily Played (HP) / eBay equivalent: Poor</td></tr> </table> <p style=""margin: 0 0 12px;"">You will receive the exact item shown in the photos. All card images are scanned by us. Scans may occasionally show scanner lines, dust, glare, faint artifacts, or other details picked up by the scanner that may not be present on the card itself.</p> <p style=""margin: 0 0 12px;"">Raw card conditions are listed using the TCGplayer condition guide as a reference. eBay may display equivalent marketplace terminology such as Near Mint or Better, Excellent, Very Good, or Poor. Please review all photos before purchasing.</p> <p style=""margin: 0 0 12px;"">Cards are packaged securely and shipped with care. Combined shipping is available when possible.</p> <div style=""background: #f6f8fc; border: 1px solid #e1e8f5; border-radius: 12px; padding: 14px; margin-top: 16px;""> <p style=""margin: 0; font-weight: bold; color: #07142f;"">More from Chella Collectibles</p> <p style=""margin: 6px 0 0;"">We have more Pokemon TCG singles, graded cards, and sealed products available. Visit our website or eBay store for more inventory.</p> </div> </div> </div> </div>",FixedPrice,GTC,99.99,,,,,1,1,"New Jersey, United States",,,,,,3,,,ReturnsNotAccepted,,,,,Shipping-Normal,,,,,,,,,,,,,,,,,,,,,,,,,,,,,
Add,CHELLA-SINGLE-SINGLES-2846,183050,,Lt. Surge's Jolteon #28 Gym Challenge Pokemon Card LP,,,,,4000,,,,400011,Pokémon,Gym Challenge,Nintendo,,,,,,,,,,Non-Sport Trading Card,,,,,,,,,,,,,,,,,,,,,,28,Lt. Surge's Jolteon #28,No,,Lightly Played (LP) / eBay equivalent: Excellent,,,,,https://chellacollectibles.com/images/singles_2846.jpg|https://chellacollectibles.com/images/singles_2847.jpg,Gallery,,"<div style=""font-family: Arial, Helvetica, sans-serif; color: #111827; line-height: 1.55; max-width: 760px;""> <div style=""border: 1px solid #d9e2f2; border-radius: 14px; overflow: hidden;""> <div style=""background: #07142f; color: #ffffff; padding: 18px 20px;""> <h2 style=""margin: 0; font-size: 24px; letter-spacing: -0.3px;"">Chella Collectibles</h2> <p style=""margin: 6px 0 0; color: #ffdf3c; font-weight: bold;"">Pokemon TCG Singles, Graded Cards & Sealed Products</p> </div> <div style=""padding: 20px;""> <h3 style=""margin: 0 0 14px; color: #07142f; font-size: 21px;"">Lt. Surge&#x27;s Jolteon #28 Gym Challenge Pokemon Card LP</h3> <table style=""width: 100%; border-collapse: collapse; margin-bottom: 18px;""> <tr><td style=""padding: 8px 0; border-bottom: 1px solid #eef2f7; font-weight: bold; width: 140px;"">Item</td><td style=""padding: 8px 0; border-bottom: 1px solid #eef2f7;"">Lt. Surge&#x27;s Jolteon #28 - Lightly Played</td></tr> <tr><td style=""padding: 8px 0; border-bottom: 1px solid #eef2f7; font-weight: bold;"">Set</td><td style=""padding: 8px 0; border-bottom: 1px solid #eef2f7;"">Gym Challenge</td></tr> <tr><td style=""padding: 8px 0; border-bottom: 1px solid #eef2f7; font-weight: bold;"">Condition</td><td style=""padding: 8px 0; border-bottom: 1px solid #eef2f7;"">Lightly Played (LP) / eBay equivalent: Excellent</td></tr> </table> <p style=""margin: 0 0 12px;"">You will receive the exact item shown in the photos. All card images are scanned by us. Scans may occasionally show scanner lines, dust, glare, faint artifacts, or other details picked up by the scanner that may not be present on the card itself.</p> <p style=""margin: 0 0 12px;"">Raw card conditions are listed using the TCGplayer condition guide as a reference. eBay may display equivalent marketplace terminology such as Near Mint or Better, Excellent, Very Good, or Poor. Please review all photos before purchasing.</p> <p style=""margin: 0 0 12px;"">Cards are packaged securely and shipped with care. Combined shipping is available when possible.</p> <div style=""background: #f6f8fc; border: 1px solid #e1e8f5; border-radius: 12px; padding: 14px; margin-top: 16px;""> <p style=""margin: 0; font-weight: bold; color: #07142f;"">More from Chella Collectibles</p> <p style=""margin: 6px 0 0;"">We have more Pokemon TCG singles, graded cards, and sealed products available. Visit our website or eBay store for more inventory.</p> </div> </div> </div> </div>",FixedPrice,GTC,19.99,,,,,1,1,"New Jersey, United States",,,,,,3,,,ReturnsNotAccepted,,,,,Shipping-PWE,,,,,,,,,,,,,,,,,,,,,,,,,,,,,
Add,CHELLA-SINGLE-SINGLES-2850,183050,,Blaine's Charmeleon #31 Gym Challenge Pokemon Card LP,,,,,4000,,,,400011,Pokémon,Gym Challenge,Nintendo,,,,,,,,,,Non-Sport Trading Card,,,,,,,,,,,,,,,,,,,,,,31,Blaine's Charmeleon #31,No,,Lightly Played (LP) / eBay equivalent: Excellent,,,,,https://chellacollectibles.com/images/singles_2850.jpg|https://chellacollectibles.com/images/singles_2851.jpg,Gallery,,"<div style=""font-family: Arial, Helvetica, sans-serif; color: #111827; line-height: 1.55; max-width: 760px;""> <div style=""border: 1px solid #d9e2f2; border-radius: 14px; overflow: hidden;""> <div style=""background: #07142f; color: #ffffff; padding: 18px 20px;""> <h2 style=""margin: 0; font-size: 24px; letter-spacing: -0.3px;"">Chella Collectibles</h2> <p style=""margin: 6px 0 0; color: #ffdf3c; font-weight: bold;"">Pokemon TCG Singles, Graded Cards & Sealed Products</p> </div> <div style=""padding: 20px;""> <h3 style=""margin: 0 0 14px; color: #07142f; font-size: 21px;"">Blaine&#x27;s Charmeleon #31 Gym Challenge Pokemon Card LP</h3> <table style=""width: 100%; border-collapse: collapse; margin-bottom: 18px;""> <tr><td style=""padding: 8px 0; border-bottom: 1px solid #eef2f7; font-weight: bold; width: 140px;"">Item</td><td style=""padding: 8px 0; border-bottom: 1px solid #eef2f7;"">Blaine&#x27;s Charmeleon #31 - Lightly Played</td></tr> <tr><td style=""padding: 8px 0; border-bottom: 1px solid #eef2f7; font-weight: bold;"">Set</td><td style=""padding: 8px 0; border-bottom: 1px solid #eef2f7;"">Gym Challenge</td></tr> <tr><td style=""padding: 8px 0; border-bottom: 1px solid #eef2f7; font-weight: bold;"">Condition</td><td style=""padding: 8px 0; border-bottom: 1px solid #eef2f7;"">Lightly Played (LP) / eBay equivalent: Excellent</td></tr> </table> <p style=""margin: 0 0 12px;"">You will receive the exact item shown in the photos. All card images are scanned by us. Scans may occasionally show scanner lines, dust, glare, faint artifacts, or other details picked up by the scanner that may not be present on the card itself.</p> <p style=""margin: 0 0 12px;"">Raw card conditions are listed using the TCGplayer condition guide as a reference. eBay may display equivalent marketplace terminology such as Near Mint or Better, Excellent, Very Good, or Poor. Please review all photos before purchasing.</p> <p style=""margin: 0 0 12px;"">Cards are packaged securely and shipped with care. Combined shipping is available when possible.</p> <div style=""background: #f6f8fc; border: 1px solid #e1e8f5; border-radius: 12px; padding: 14px; margin-top: 16px;""> <p style=""margin: 0; font-weight: bold; color: #07142f;"">More from Chella Collectibles</p> <p style=""margin: 6px 0 0;"">We have more Pokemon TCG singles, graded cards, and sealed products available. Visit our website or eBay store for more inventory.</p> </div> </div> </div> </div>",FixedPrice,GTC,2.99,,,,,1,1,"New Jersey, United States",,,,,,3,,,ReturnsNotAccepted,,,,,Shipping-PWE,,,,,,,,,,,,,,,,,,,,,,,,,,,,,
Add,CHELLA-SINGLE-SINGLES-2852,183050,,Blaine's Rapidash #33 Gym Challenge Pokemon Card LP,,,,,4000,,,,400011,Pokémon,Gym Challenge,Nintendo,,,,,,,,,,Non-Sport Trading Card,,,,,,,,,,,,,,,,,,,,,,33,Blaine's Rapidash #33,No,,Lightly Played (LP) / eBay equivalent: Excellent,,,,,https://chellacollectibles.com/images/singles_2852.jpg|https://chellacollectibles.com/images/singles_2853.jpg,Gallery,,"<div style=""font-family: Arial, Helvetica, sans-serif; color: #111827; line-height: 1.55; max-width: 760px;""> <div style=""border: 1px solid #d9e2f2; border-radius: 14px; overflow: hidden;""> <div style=""background: #07142f; color: #ffffff; padding: 18px 20px;""> <h2 style=""margin: 0; font-size: 24px; letter-spacing: -0.3px;"">Chella Collectibles</h2> <p style=""margin: 6px 0 0; color: #ffdf3c; font-weight: bold;"">Pokemon TCG Singles, Graded Cards & Sealed Products</p> </div> <div style=""padding: 20px;""> <h3 style=""margin: 0 0 14px; color: #07142f; font-size: 21px;"">Blaine&#x27;s Rapidash #33 Gym Challenge Pokemon Card LP</h3> <table style=""width: 100%; border-collapse: collapse; margin-bottom: 18px;""> <tr><td style=""padding: 8px 0; border-bottom: 1px solid #eef2f7; font-weight: bold; width: 140px;"">Item</td><td style=""padding: 8px 0; border-bottom: 1px solid #eef2f7;"">Blaine&#x27;s Rapidash #33 - Lightly Played</td></tr> <tr><td style=""padding: 8px 0; border-bottom: 1px solid #eef2f7; font-weight: bold;"">Set</td><td style=""padding: 8px 0; border-bottom: 1px solid #eef2f7;"">Gym Challenge</td></tr> <tr><td style=""padding: 8px 0; border-bottom: 1px solid #eef2f7; font-weight: bold;"">Condition</td><td style=""padding: 8px 0; border-bottom: 1px solid #eef2f7;"">Lightly Played (LP) / eBay equivalent: Excellent</td></tr> </table> <p style=""margin: 0 0 12px;"">You will receive the exact item shown in the photos. All card images are scanned by us. Scans may occasionally show scanner lines, dust, glare, faint artifacts, or other details picked up by the scanner that may not be present on the card itself.</p> <p style=""margin: 0 0 12px;"">Raw card conditions are listed using the TCGplayer condition guide as a reference. eBay may display equivalent marketplace terminology such as Near Mint or Better, Excellent, Very Good, or Poor. Please review all photos before purchasing.</p> <p style=""margin: 0 0 12px;"">Cards are packaged securely and shipped with care. Combined shipping is available when possible.</p> <div style=""background: #f6f8fc; border: 1px solid #e1e8f5; border-radius: 12px; padding: 14px; margin-top: 16px;""> <p style=""margin: 0; font-weight: bold; color: #07142f;"">More from Chella Collectibles</p> <p style=""margin: 6px 0 0;"">We have more Pokemon TCG singles, graded cards, and sealed products available. Visit our website or eBay store for more inventory.</p> </div> </div> </div> </div>",FixedPrice,GTC,1.99,,,,,1,1,"New Jersey, United States",,,,,,3,,,ReturnsNotAccepted,,,,,Shipping-PWE,,,,,,,,,,,,,,,,,,,,,,,,,,,,,
Add,CHELLA-SINGLE-SINGLES-2854,183050,,Lt. Surge's Electrode #52 Gym Challenge Pokemon Card LP,,,,,4000,,,,400011,Pokémon,Gym Challenge,Nintendo,,,,,,,,,,Non-Sport Trading Card,,,,,,,,,,,,,,,,,,,,,,52,Lt. Surge's Electrode #52,No,,Lightly Played (LP) / eBay equivalent: Excellent,,,,,https://chellacollectibles.com/images/singles_2854.jpg|https://chellacollectibles.com/images/singles_2855.jpg,Gallery,,"<div style=""font-family: Arial, Helvetica, sans-serif; color: #111827; line-height: 1.55; max-width: 760px;""> <div style=""border: 1px solid #d9e2f2; border-radius: 14px; overflow: hidden;""> <div style=""background: #07142f; color: #ffffff; padding: 18px 20px;""> <h2 style=""margin: 0; font-size: 24px; letter-spacing: -0.3px;"">Chella Collectibles</h2> <p style=""margin: 6px 0 0; color: #ffdf3c; font-weight: bold;"">Pokemon TCG Singles, Graded Cards & Sealed Products</p> </div> <div style=""padding: 20px;""> <h3 style=""margin: 0 0 14px; color: #07142f; font-size: 21px;"">Lt. Surge&#x27;s Electrode #52 Gym Challenge Pokemon Card LP</h3> <table style=""width: 100%; border-collapse: collapse; margin-bottom: 18px;""> <tr><td style=""padding: 8px 0; border-bottom: 1px solid #eef2f7; font-weight: bold; width: 140px;"">Item</td><td style=""padding: 8px 0; border-bottom: 1px solid #eef2f7;"">Lt. Surge&#x27;s Electrode #52 - Lightly Played</td></tr> <tr><td style=""padding: 8px 0; border-bottom: 1px solid #eef2f7; font-weight: bold;"">Set</td><td style=""padding: 8px 0; border-bottom: 1px solid #eef2f7;"">Gym Challenge</td></tr> <tr><td style=""padding: 8px 0; border-bottom: 1px solid #eef2f7; font-weight: bold;"">Condition</td><td style=""padding: 8px 0; border-bottom: 1px solid #eef2f7;"">Lightly Played (LP) / eBay equivalent: Excellent</td></tr> </table> <p style=""margin: 0 0 12px;"">You will receive the exact item shown in the photos. All card images are scanned by us. Scans may occasionally show scanner lines, dust, glare, faint artifacts, or other details picked up by the scanner that may not be present on the card itself.</p> <p style=""margin: 0 0 12px;"">Raw card conditions are listed using the TCGplayer condition guide as a reference. eBay may display equivalent marketplace terminology such as Near Mint or Better, Excellent, Very Good, or Poor. Please review all photos before purchasing.</p> <p style=""margin: 0 0 12px;"">Cards are packaged securely and shipped with care. Combined shipping is available when possible.</p> <div style=""background: #f6f8fc; border: 1px solid #e1e8f5; border-radius: 12px; padding: 14px; margin-top: 16px;""> <p style=""margin: 0; font-weight: bold; color: #07142f;"">More from Chella Collectibles</p> <p style=""margin: 6px 0 0;"">We have more Pokemon TCG singles, graded cards, and sealed products available. Visit our website or eBay store for more inventory.</p> </div> </div> </div> </div>",FixedPrice,GTC,1.99,,,,,1,1,"New Jersey, United States",,,,,,3,,,ReturnsNotAccepted,,,,,Shipping-PWE,,,,,,,,,,,,,,,,,,,,,,,,,,,,,
Add,CHELLA-SINGLE-SINGLES-2858,183050,,Flareon #19 Jungle Pokemon Card LP,,,,,4000,,,,400011,Pokémon,Jungle,Nintendo,,,,,,,,,,Non-Sport Trading Card,,,,,,,,,,,,,,,,,,,,,,19,Flareon #19,No,,Lightly Played (LP) / eBay equivalent: Excellent,,,,,https://chellacollectibles.com/images/singles_2858.jpg|https://chellacollectibles.com/images/singles_2859.jpg,Gallery,,"<div style=""font-family: Arial, Helvetica, sans-serif; color: #111827; line-height: 1.55; max-width: 760px;""> <div style=""border: 1px solid #d9e2f2; border-radius: 14px; overflow: hidden;""> <div style=""background: #07142f; color: #ffffff; padding: 18px 20px;""> <h2 style=""margin: 0; font-size: 24px; letter-spacing: -0.3px;"">Chella Collectibles</h2> <p style=""margin: 6px 0 0; color: #ffdf3c; font-weight: bold;"">Pokemon TCG Singles, Graded Cards & Sealed Products</p> </div> <div style=""padding: 20px;""> <h3 style=""margin: 0 0 14px; color: #07142f; font-size: 21px;"">Flareon #19 Jungle Pokemon Card LP</h3> <table style=""width: 100%; border-collapse: collapse; margin-bottom: 18px;""> <tr><td style=""padding: 8px 0; border-bottom: 1px solid #eef2f7; font-weight: bold; width: 140px;"">Item</td><td style=""padding: 8px 0; border-bottom: 1px solid #eef2f7;"">Flareon #19 - Lightly Played</td></tr> <tr><td style=""padding: 8px 0; border-bottom: 1px solid #eef2f7; font-weight: bold;"">Set</td><td style=""padding: 8px 0; border-bottom: 1px solid #eef2f7;"">Jungle</td></tr> <tr><td style=""padding: 8px 0; border-bottom: 1px solid #eef2f7; font-weight: bold;"">Condition</td><td style=""padding: 8px 0; border-bottom: 1px solid #eef2f7;"">Lightly Played (LP) / eBay equivalent: Excellent</td></tr> </table> <p style=""margin: 0 0 12px;"">You will receive the exact item shown in the photos. All card images are scanned by us. Scans may occasionally show scanner lines, dust, glare, faint artifacts, or other details picked up by the scanner that may not be present on the card itself.</p> <p style=""margin: 0 0 12px;"">Raw card conditions are listed using the TCGplayer condition guide as a reference. eBay may display equivalent marketplace terminology such as Near Mint or Better, Excellent, Very Good, or Poor. Please review all photos before purchasing.</p> <p style=""margin: 0 0 12px;"">Cards are packaged securely and shipped with care. Combined shipping is available when possible.</p> <div style=""background: #f6f8fc; border: 1px solid #e1e8f5; border-radius: 12px; padding: 14px; margin-top: 16px;""> <p style=""margin: 0; font-weight: bold; color: #07142f;"">More from Chella Collectibles</p> <p style=""margin: 6px 0 0;"">We have more Pokemon TCG singles, graded cards, and sealed products available. Visit our website or eBay store for more inventory.</p> </div> </div> </div> </div>",FixedPrice,GTC,9.99,,,,,1,1,"New Jersey, United States",,,,,,3,,,ReturnsNotAccepted,,,,,Shipping-PWE,,,,,,,,,,,,,,,,,,,,,,,,,,,,,
Add,CHELLA-SINGLE-SINGLES-2862,183050,,Dark Quilava #39 Neo Destiny Pokemon Card LP,,,,,4000,,,,400011,Pokémon,Neo Destiny,Nintendo,,,,,,,,,,Non-Sport Trading Card,,,,,,,,,,,,,,,,,,,,,,39,Dark Quilava #39,No,,Lightly Played (LP) / eBay equivalent: Excellent,,,,,https://chellacollectibles.com/images/singles_2862.jpg|https://chellacollectibles.com/images/singles_2863.jpg,Gallery,,"<div style=""font-family: Arial, Helvetica, sans-serif; color: #111827; line-height: 1.55; max-width: 760px;""> <div style=""border: 1px solid #d9e2f2; border-radius: 14px; overflow: hidden;""> <div style=""background: #07142f; color: #ffffff; padding: 18px 20px;""> <h2 style=""margin: 0; font-size: 24px; letter-spacing: -0.3px;"">Chella Collectibles</h2> <p style=""margin: 6px 0 0; color: #ffdf3c; font-weight: bold;"">Pokemon TCG Singles, Graded Cards & Sealed Products</p> </div> <div style=""padding: 20px;""> <h3 style=""margin: 0 0 14px; color: #07142f; font-size: 21px;"">Dark Quilava #39 Neo Destiny Pokemon Card LP</h3> <table style=""width: 100%; border-collapse: collapse; margin-bottom: 18px;""> <tr><td style=""padding: 8px 0; border-bottom: 1px solid #eef2f7; font-weight: bold; width: 140px;"">Item</td><td style=""padding: 8px 0; border-bottom: 1px solid #eef2f7;"">Dark Quilava #39 - Lightly Played</td></tr> <tr><td style=""padding: 8px 0; border-bottom: 1px solid #eef2f7; font-weight: bold;"">Set</td><td style=""padding: 8px 0; border-bottom: 1px solid #eef2f7;"">Neo Destiny</td></tr> <tr><td style=""padding: 8px 0; border-bottom: 1px solid #eef2f7; font-weight: bold;"">Condition</td><td style=""padding: 8px 0; border-bottom: 1px solid #eef2f7;"">Lightly Played (LP) / eBay equivalent: Excellent</td></tr> </table> <p style=""margin: 0 0 12px;"">You will receive the exact item shown in the photos. All card images are scanned by us. Scans may occasionally show scanner lines, dust, glare, faint artifacts, or other details picked up by the scanner that may not be present on the card itself.</p> <p style=""margin: 0 0 12px;"">Raw card conditions are listed using the TCGplayer condition guide as a reference. eBay may display equivalent marketplace terminology such as Near Mint or Better, Excellent, Very Good, or Poor. Please review all photos before purchasing.</p> <p style=""margin: 0 0 12px;"">Cards are packaged securely and shipped with care. Combined shipping is available when possible.</p> <div style=""background: #f6f8fc; border: 1px solid #e1e8f5; border-radius: 12px; padding: 14px; margin-top: 16px;""> <p style=""margin: 0; font-weight: bold; color: #07142f;"">More from Chella Collectibles</p> <p style=""margin: 6px 0 0;"">We have more Pokemon TCG singles, graded cards, and sealed products available. Visit our website or eBay store for more inventory.</p> </div> </div> </div> </div>",FixedPrice,GTC,2.99,,,,,1,1,"New Jersey, United States",,,,,,3,,,ReturnsNotAccepted,,,,,Shipping-PWE,,,,,,,,,,,,,,,,,,,,,,,,,,,,,
Add,CHELLA-SINGLE-SINGLES-2886,183050,,Sabrina's Gaze #125 Gym Heroes Pokemon Card LP,,,,,4000,,,,400011,Pokémon,Gym Heroes,Nintendo,,,,,,,,,,Non-Sport Trading Card,,,,,,,,,,,,,,,,,,,,,,125,Sabrina's Gaze #125,No,,Lightly Played (LP) / eBay equivalent: Excellent,,,,,https://chellacollectibles.com/images/singles_2886.jpg|https://chellacollectibles.com/images/singles_2887.jpg,Gallery,,"<div style=""font-family: Arial, Helvetica, sans-serif; color: #111827; line-height: 1.55; max-width: 760px;""> <div style=""border: 1px solid #d9e2f2; border-radius: 14px; overflow: hidden;""> <div style=""background: #07142f; color: #ffffff; padding: 18px 20px;""> <h2 style=""margin: 0; font-size: 24px; letter-spacing: -0.3px;"">Chella Collectibles</h2> <p style=""margin: 6px 0 0; color: #ffdf3c; font-weight: bold;"">Pokemon TCG Singles, Graded Cards & Sealed Products</p> </div> <div style=""padding: 20px;""> <h3 style=""margin: 0 0 14px; color: #07142f; font-size: 21px;"">Sabrina&#x27;s Gaze #125 Gym Heroes Pokemon Card LP</h3> <table style=""width: 100%; border-collapse: collapse; margin-bottom: 18px;""> <tr><td style=""padding: 8px 0; border-bottom: 1px solid #eef2f7; font-weight: bold; width: 140px;"">Item</td><td style=""padding: 8px 0; border-bottom: 1px solid #eef2f7;"">Sabrina&#x27;s Gaze #125 - Lightly Played</td></tr> <tr><td style=""padding: 8px 0; border-bottom: 1px solid #eef2f7; font-weight: bold;"">Set</td><td style=""padding: 8px 0; border-bottom: 1px solid #eef2f7;"">Gym Heroes</td></tr> <tr><td style=""padding: 8px 0; border-bottom: 1px solid #eef2f7; font-weight: bold;"">Condition</td><td style=""padding: 8px 0; border-bottom: 1px solid #eef2f7;"">Lightly Played (LP) / eBay equivalent: Excellent</td></tr> </table> <p style=""margin: 0 0 12px;"">You will receive the exact item shown in the photos. All card images are scanned by us. Scans may occasionally show scanner lines, dust, glare, faint artifacts, or other details picked up by the scanner that may not be present on the card itself.</p> <p style=""margin: 0 0 12px;"">Raw card conditions are listed using the TCGplayer condition guide as a reference. eBay may display equivalent marketplace terminology such as Near Mint or Better, Excellent, Very Good, or Poor. Please review all photos before purchasing.</p> <p style=""margin: 0 0 12px;"">Cards are packaged securely and shipped with care. Combined shipping is available when possible.</p> <div style=""background: #f6f8fc; border: 1px solid #e1e8f5; border-radius: 12px; padding: 14px; margin-top: 16px;""> <p style=""margin: 0; font-weight: bold; color: #07142f;"">More from Chella Collectibles</p> <p style=""margin: 6px 0 0;"">We have more Pokemon TCG singles, graded cards, and sealed products available. Visit our website or eBay store for more inventory.</p> </div> </div> </div> </div>",FixedPrice,GTC,1.99,,,,,1,1,"New Jersey, United States",,,,,,3,,,ReturnsNotAccepted,,,,,Shipping-PWE,,,,,,,,,,,,,,,,,,,,,,,,,,,,,
Add,CHELLA-SINGLE-SINGLES-2888,183050,,Aerodactyl #1 Skyridge Pokemon Card LP,,,,,4000,,,,400011,Pokémon,Skyridge,Nintendo,,,,,,,,,,Non-Sport Trading Card,,,,,,,,,,,,,,,,,,,,,,1,Aerodactyl #1,No,,Lightly Played (LP) / eBay equivalent: Excellent,,,,,https://chellacollectibles.com/images/singles_2888.jpg|https://chellacollectibles.com/images/singles_2889.jpg,Gallery,,"<div style=""font-family: Arial, Helvetica, sans-serif; color: #111827; line-height: 1.55; max-width: 760px;""> <div style=""border: 1px solid #d9e2f2; border-radius: 14px; overflow: hidden;""> <div style=""background: #07142f; color: #ffffff; padding: 18px 20px;""> <h2 style=""margin: 0; font-size: 24px; letter-spacing: -0.3px;"">Chella Collectibles</h2> <p style=""margin: 6px 0 0; color: #ffdf3c; font-weight: bold;"">Pokemon TCG Singles, Graded Cards & Sealed Products</p> </div> <div style=""padding: 20px;""> <h3 style=""margin: 0 0 14px; color: #07142f; font-size: 21px;"">Aerodactyl #1 Skyridge Pokemon Card LP</h3> <table style=""width: 100%; border-collapse: collapse; margin-bottom: 18px;""> <tr><td style=""padding: 8px 0; border-bottom: 1px solid #eef2f7; font-weight: bold; width: 140px;"">Item</td><td style=""padding: 8px 0; border-bottom: 1px solid #eef2f7;"">Aerodactyl #1 - Lightly Played</td></tr> <tr><td style=""padding: 8px 0; border-bottom: 1px solid #eef2f7; font-weight: bold;"">Set</td><td style=""padding: 8px 0; border-bottom: 1px solid #eef2f7;"">Skyridge</td></tr> <tr><td style=""padding: 8px 0; border-bottom: 1px solid #eef2f7; font-weight: bold;"">Condition</td><td style=""padding: 8px 0; border-bottom: 1px solid #eef2f7;"">Lightly Played (LP) / eBay equivalent: Excellent</td></tr> </table> <p style=""margin: 0 0 12px;"">You will receive the exact item shown in the photos. All card images are scanned by us. Scans may occasionally show scanner lines, dust, glare, faint artifacts, or other details picked up by the scanner that may not be present on the card itself.</p> <p style=""margin: 0 0 12px;"">Raw card conditions are listed using the TCGplayer condition guide as a reference. eBay may display equivalent marketplace terminology such as Near Mint or Better, Excellent, Very Good, or Poor. Please review all photos before purchasing.</p> <p style=""margin: 0 0 12px;"">Cards are packaged securely and shipped with care. Combined shipping is available when possible.</p> <div style=""background: #f6f8fc; border: 1px solid #e1e8f5; border-radius: 12px; padding: 14px; margin-top: 16px;""> <p style=""margin: 0; font-weight: bold; color: #07142f;"">More from Chella Collectibles</p> <p style=""margin: 6px 0 0;"">We have more Pokemon TCG singles, graded cards, and sealed products available. Visit our website or eBay store for more inventory.</p> </div> </div> </div> </div>",FixedPrice,GTC,59.99,,,,,1,1,"New Jersey, United States",,,,,,3,,,ReturnsNotAccepted,,,,,Shipping-Normal,,,,,,,,,,,,,,,,,,,,,,,,,,,,,
Add,CHELLA-SINGLE-SINGLES-2890,183050,,Poliwrath #26 Skyridge Pokemon Card LP,,,,,4000,,,,400011,Pokémon,Skyridge,Nintendo,,,,,,,,,,Non-Sport Trading Card,,,,,,,,,,,,,,,,,,,,,,26,Poliwrath #26,No,,Lightly Played (LP) / eBay equivalent: Excellent,,,,,https://chellacollectibles.com/images/singles_2890.jpg|https://chellacollectibles.com/images/singles_2891.jpg,Gallery,,"<div style=""font-family: Arial, Helvetica, sans-serif; color: #111827; line-height: 1.55; max-width: 760px;""> <div style=""border: 1px solid #d9e2f2; border-radius: 14px; overflow: hidden;""> <div style=""background: #07142f; color: #ffffff; padding: 18px 20px;""> <h2 style=""margin: 0; font-size: 24px; letter-spacing: -0.3px;"">Chella Collectibles</h2> <p style=""margin: 6px 0 0; color: #ffdf3c; font-weight: bold;"">Pokemon TCG Singles, Graded Cards & Sealed Products</p> </div> <div style=""padding: 20px;""> <h3 style=""margin: 0 0 14px; color: #07142f; font-size: 21px;"">Poliwrath #26 Skyridge Pokemon Card LP</h3> <table style=""width: 100%; border-collapse: collapse; margin-bottom: 18px;""> <tr><td style=""padding: 8px 0; border-bottom: 1px solid #eef2f7; font-weight: bold; width: 140px;"">Item</td><td style=""padding: 8px 0; border-bottom: 1px solid #eef2f7;"">Poliwrath #26 - Lightly Played</td></tr> <tr><td style=""padding: 8px 0; border-bottom: 1px solid #eef2f7; font-weight: bold;"">Set</td><td style=""padding: 8px 0; border-bottom: 1px solid #eef2f7;"">Skyridge</td></tr> <tr><td style=""padding: 8px 0; border-bottom: 1px solid #eef2f7; font-weight: bold;"">Condition</td><td style=""padding: 8px 0; border-bottom: 1px solid #eef2f7;"">Lightly Played (LP) / eBay equivalent: Excellent</td></tr> </table> <p style=""margin: 0 0 12px;"">You will receive the exact item shown in the photos. All card images are scanned by us. Scans may occasionally show scanner lines, dust, glare, faint artifacts, or other details picked up by the scanner that may not be present on the card itself.</p> <p style=""margin: 0 0 12px;"">Raw card conditions are listed using the TCGplayer condition guide as a reference. eBay may display equivalent marketplace terminology such as Near Mint or Better, Excellent, Very Good, or Poor. Please review all photos before purchasing.</p> <p style=""margin: 0 0 12px;"">Cards are packaged securely and shipped with care. Combined shipping is available when possible.</p> <div style=""background: #f6f8fc; border: 1px solid #e1e8f5; border-radius: 12px; padding: 14px; margin-top: 16px;""> <p style=""margin: 0; font-weight: bold; color: #07142f;"">More from Chella Collectibles</p> <p style=""margin: 6px 0 0;"">We have more Pokemon TCG singles, graded cards, and sealed products available. Visit our website or eBay store for more inventory.</p> </div> </div> </div> </div>",FixedPrice,GTC,59.99,,,,,1,1,"New Jersey, United States",,,,,,3,,,ReturnsNotAccepted,,,,,Shipping-Normal,,,,,,,,,,,,,,,,,,,,,,,,,,,,,
Add,CHELLA-SINGLE-SINGLES-2898,183050,,Wobbuffet #45 Skyridge Pokemon Card MP,,,,,4000,,,,400012,Pokémon,Skyridge,Nintendo,,,,,,,,,,Non-Sport Trading Card,,,,,,,,,,,,,,,,,,,,,,45,Wobbuffet #45,No,,Moderately Played (MP) / eBay equivalent: Very Good,,,,,https://chellacollectibles.com/images/singles_2898.jpg|https://chellacollectibles.com/images/singles_2899.jpg,Gallery,,"<div style=""font-family: Arial, Helvetica, sans-serif; color: #111827; line-height: 1.55; max-width: 760px;""> <div style=""border: 1px solid #d9e2f2; border-radius: 14px; overflow: hidden;""> <div style=""background: #07142f; color: #ffffff; padding: 18px 20px;""> <h2 style=""margin: 0; font-size: 24px; letter-spacing: -0.3px;"">Chella Collectibles</h2> <p style=""margin: 6px 0 0; color: #ffdf3c; font-weight: bold;"">Pokemon TCG Singles, Graded Cards & Sealed Products</p> </div> <div style=""padding: 20px;""> <h3 style=""margin: 0 0 14px; color: #07142f; font-size: 21px;"">Wobbuffet #45 Skyridge Pokemon Card MP</h3> <table style=""width: 100%; border-collapse: collapse; margin-bottom: 18px;""> <tr><td style=""padding: 8px 0; border-bottom: 1px solid #eef2f7; font-weight: bold; width: 140px;"">Item</td><td style=""padding: 8px 0; border-bottom: 1px solid #eef2f7;"">Wobbuffet #45 - Moderately Played</td></tr> <tr><td style=""padding: 8px 0; border-bottom: 1px solid #eef2f7; font-weight: bold;"">Set</td><td style=""padding: 8px 0; border-bottom: 1px solid #eef2f7;"">Skyridge</td></tr> <tr><td style=""padding: 8px 0; border-bottom: 1px solid #eef2f7; font-weight: bold;"">Condition</td><td style=""padding: 8px 0; border-bottom: 1px solid #eef2f7;"">Moderately Played (MP) / eBay equivalent: Very Good</td></tr> </table> <p style=""margin: 0 0 12px;"">You will receive the exact item shown in the photos. All card images are scanned by us. Scans may occasionally show scanner lines, dust, glare, faint artifacts, or other details picked up by the scanner that may not be present on the card itself.</p> <p style=""margin: 0 0 12px;"">Raw card conditions are listed using the TCGplayer condition guide as a reference. eBay may display equivalent marketplace terminology such as Near Mint or Better, Excellent, Very Good, or Poor. Please review all photos before purchasing.</p> <p style=""margin: 0 0 12px;"">Cards are packaged securely and shipped with care. Combined shipping is available when possible.</p> <div style=""background: #f6f8fc; border: 1px solid #e1e8f5; border-radius: 12px; padding: 14px; margin-top: 16px;""> <p style=""margin: 0; font-weight: bold; color: #07142f;"">More from Chella Collectibles</p> <p style=""margin: 6px 0 0;"">We have more Pokemon TCG singles, graded cards, and sealed products available. Visit our website or eBay store for more inventory.</p> </div> </div> </div> </div>",FixedPrice,GTC,11.99,,,,,1,1,"New Jersey, United States",,,,,,3,,,ReturnsNotAccepted,,,,,Shipping-PWE,,,,,,,,,,,,,,,,,,,,,,,,,,,,,
Add,CHELLA-SINGLE-SINGLES-2900,183050,,Squirtle #46 Team Magma vs Team Aqua Pokemon Card LP,,,,,4000,,,,400011,Pokémon,Team Magma vs Team Aqua,Nintendo,,,,,,,,,,Non-Sport Trading Card,,,,,,,,,,,,,,,,,,,,,,46,Squirtle #46,No,,Lightly Played (LP) / eBay equivalent: Excellent,,,,,https://chellacollectibles.com/images/singles_2900.jpg|https://chellacollectibles.com/images/singles_2901.jpg,Gallery,,"<div style=""font-family: Arial, Helvetica, sans-serif; color: #111827; line-height: 1.55; max-width: 760px;""> <div style=""border: 1px solid #d9e2f2; border-radius: 14px; overflow: hidden;""> <div style=""background: #07142f; color: #ffffff; padding: 18px 20px;""> <h2 style=""margin: 0; font-size: 24px; letter-spacing: -0.3px;"">Chella Collectibles</h2> <p style=""margin: 6px 0 0; color: #ffdf3c; font-weight: bold;"">Pokemon TCG Singles, Graded Cards & Sealed Products</p> </div> <div style=""padding: 20px;""> <h3 style=""margin: 0 0 14px; color: #07142f; font-size: 21px;"">Squirtle #46 Team Magma vs Team Aqua Pokemon Card LP</h3> <table style=""width: 100%; border-collapse: collapse; margin-bottom: 18px;""> <tr><td style=""padding: 8px 0; border-bottom: 1px solid #eef2f7; font-weight: bold; width: 140px;"">Item</td><td style=""padding: 8px 0; border-bottom: 1px solid #eef2f7;"">Squirtle #46 - Lightly Played</td></tr> <tr><td style=""padding: 8px 0; border-bottom: 1px solid #eef2f7; font-weight: bold;"">Set</td><td style=""padding: 8px 0; border-bottom: 1px solid #eef2f7;"">Team Magma vs Team Aqua</td></tr> <tr><td style=""padding: 8px 0; border-bottom: 1px solid #eef2f7; font-weight: bold;"">Condition</td><td style=""padding: 8px 0; border-bottom: 1px solid #eef2f7;"">Lightly Played (LP) / eBay equivalent: Excellent</td></tr> </table> <p style=""margin: 0 0 12px;"">You will receive the exact item shown in the photos. All card images are scanned by us. Scans may occasionally show scanner lines, dust, glare, faint artifacts, or other details picked up by the scanner that may not be present on the card itself.</p> <p style=""margin: 0 0 12px;"">Raw card conditions are listed using the TCGplayer condition guide as a reference. eBay may display equivalent marketplace terminology such as Near Mint or Better, Excellent, Very Good, or Poor. Please review all photos before purchasing.</p> <p style=""margin: 0 0 12px;"">Cards are packaged securely and shipped with care. Combined shipping is available when possible.</p> <div style=""background: #f6f8fc; border: 1px solid #e1e8f5; border-radius: 12px; padding: 14px; margin-top: 16px;""> <p style=""margin: 0; font-weight: bold; color: #07142f;"">More from Chella Collectibles</p> <p style=""margin: 6px 0 0;"">We have more Pokemon TCG singles, graded cards, and sealed products available. Visit our website or eBay store for more inventory.</p> </div> </div> </div> </div>",FixedPrice,GTC,29.99,,,,,1,1,"New Jersey, United States",,,,,,3,,,ReturnsNotAccepted,,,,,Shipping-Normal,,,,,,,,,,,,,,,,,,,,,,,,,,,,,
Add,CHELLA-SINGLE-SINGLES-2902,183050,,Omanyte #41 Skyridge Pokemon Card DMG,,,,,4000,,,,400013,Pokémon,Skyridge,Nintendo,,,,,,,,,,Non-Sport Trading Card,,,,,,,,,,,,,,,,,,,,,,41,Omanyte #41,No,,Damaged (DMG) / eBay equivalent: Poor,,,,,https://chellacollectibles.com/images/singles_2902.jpg|https://chellacollectibles.com/images/singles_2903.jpg,Gallery,,"<div style=""font-family: Arial, Helvetica, sans-serif; color: #111827; line-height: 1.55; max-width: 760px;""> <div style=""border: 1px solid #d9e2f2; border-radius: 14px; overflow: hidden;""> <div style=""background: #07142f; color: #ffffff; padding: 18px 20px;""> <h2 style=""margin: 0; font-size: 24px; letter-spacing: -0.3px;"">Chella Collectibles</h2> <p style=""margin: 6px 0 0; color: #ffdf3c; font-weight: bold;"">Pokemon TCG Singles, Graded Cards & Sealed Products</p> </div> <div style=""padding: 20px;""> <h3 style=""margin: 0 0 14px; color: #07142f; font-size: 21px;"">Omanyte #41 Skyridge Pokemon Card DMG</h3> <table style=""width: 100%; border-collapse: collapse; margin-bottom: 18px;""> <tr><td style=""padding: 8px 0; border-bottom: 1px solid #eef2f7; font-weight: bold; width: 140px;"">Item</td><td style=""padding: 8px 0; border-bottom: 1px solid #eef2f7;"">Omanyte #41 - Damaged</td></tr> <tr><td style=""padding: 8px 0; border-bottom: 1px solid #eef2f7; font-weight: bold;"">Set</td><td style=""padding: 8px 0; border-bottom: 1px solid #eef2f7;"">Skyridge</td></tr> <tr><td style=""padding: 8px 0; border-bottom: 1px solid #eef2f7; font-weight: bold;"">Condition</td><td style=""padding: 8px 0; border-bottom: 1px solid #eef2f7;"">Damaged (DMG) / eBay equivalent: Poor</td></tr> </table> <p style=""margin: 0 0 12px;"">You will receive the exact item shown in the photos. All card images are scanned by us. Scans may occasionally show scanner lines, dust, glare, faint artifacts, or other details picked up by the scanner that may not be present on the card itself.</p> <p style=""margin: 0 0 12px;"">Raw card conditions are listed using the TCGplayer condition guide as a reference. eBay may display equivalent marketplace terminology such as Near Mint or Better, Excellent, Very Good, or Poor. Please review all photos before purchasing.</p> <p style=""margin: 0 0 12px;"">Cards are packaged securely and shipped with care. Combined shipping is available when possible.</p> <div style=""background: #f6f8fc; border: 1px solid #e1e8f5; border-radius: 12px; padding: 14px; margin-top: 16px;""> <p style=""margin: 0; font-weight: bold; color: #07142f;"">More from Chella Collectibles</p> <p style=""margin: 6px 0 0;"">We have more Pokemon TCG singles, graded cards, and sealed products available. Visit our website or eBay store for more inventory.</p> </div> </div> </div> </div>",FixedPrice,GTC,4.99,,,,,1,1,"New Jersey, United States",,,,,,3,,,ReturnsNotAccepted,,,,,Shipping-PWE,,,,,,,,,,,,,,,,,,,,,,,,,,,,,
Add,CHELLA-SINGLE-SINGLES-2904,183050,,Arcanine #15 Sandstorm Pokemon Card LP,,,,,4000,,,,400011,Pokémon,Sandstorm,Nintendo,,,,,,,,,,Non-Sport Trading Card,,,,,,,,,,,,,,,,,,,,,,15,Arcanine #15,No,,Lightly Played (LP) / eBay equivalent: Excellent,,,,,https://chellacollectibles.com/images/singles_2904.jpg|https://chellacollectibles.com/images/singles_2905.jpg,Gallery,,"<div style=""font-family: Arial, Helvetica, sans-serif; color: #111827; line-height: 1.55; max-width: 760px;""> <div style=""border: 1px solid #d9e2f2; border-radius: 14px; overflow: hidden;""> <div style=""background: #07142f; color: #ffffff; padding: 18px 20px;""> <h2 style=""margin: 0; font-size: 24px; letter-spacing: -0.3px;"">Chella Collectibles</h2> <p style=""margin: 6px 0 0; color: #ffdf3c; font-weight: bold;"">Pokemon TCG Singles, Graded Cards & Sealed Products</p> </div> <div style=""padding: 20px;""> <h3 style=""margin: 0 0 14px; color: #07142f; font-size: 21px;"">Arcanine #15 Sandstorm Pokemon Card LP</h3> <table style=""width: 100%; border-collapse: collapse; margin-bottom: 18px;""> <tr><td style=""padding: 8px 0; border-bottom: 1px solid #eef2f7; font-weight: bold; width: 140px;"">Item</td><td style=""padding: 8px 0; border-bottom: 1px solid #eef2f7;"">Arcanine #15 - Lightly Played</td></tr> <tr><td style=""padding: 8px 0; border-bottom: 1px solid #eef2f7; font-weight: bold;"">Set</td><td style=""padding: 8px 0; border-bottom: 1px solid #eef2f7;"">Sandstorm</td></tr> <tr><td style=""padding: 8px 0; border-bottom: 1px solid #eef2f7; font-weight: bold;"">Condition</td><td style=""padding: 8px 0; border-bottom: 1px solid #eef2f7;"">Lightly Played (LP) / eBay equivalent: Excellent</td></tr> </table> <p style=""margin: 0 0 12px;"">You will receive the exact item shown in the photos. All card images are scanned by us. Scans may occasionally show scanner lines, dust, glare, faint artifacts, or other details picked up by the scanner that may not be present on the card itself.</p> <p style=""margin: 0 0 12px;"">Raw card conditions are listed using the TCGplayer condition guide as a reference. eBay may display equivalent marketplace terminology such as Near Mint or Better, Excellent, Very Good, or Poor. Please review all photos before purchasing.</p> <p style=""margin: 0 0 12px;"">Cards are packaged securely and shipped with care. Combined shipping is available when possible.</p> <div style=""background: #f6f8fc; border: 1px solid #e1e8f5; border-radius: 12px; padding: 14px; margin-top: 16px;""> <p style=""margin: 0; font-weight: bold; color: #07142f;"">More from Chella Collectibles</p> <p style=""margin: 6px 0 0;"">We have more Pokemon TCG singles, graded cards, and sealed products available. Visit our website or eBay store for more inventory.</p> </div> </div> </div> </div>",FixedPrice,GTC,7.99,,,,,1,1,"New Jersey, United States",,,,,,3,,,ReturnsNotAccepted,,,,,Shipping-PWE,,,,,,,,,,,,,,,,,,,,,,,,,,,,,
Add,CHELLA-SINGLE-SINGLES-2908,183050,,Pikachu #124 Expedition Base Set Pokemon Card LP,,,,,4000,,,,400011,Pokémon,Expedition Base Set,Nintendo,,,,,,,,,,Non-Sport Trading Card,,,,,,,,,,,,,,,,,,,,,,124,Pikachu #124,No,,Lightly Played (LP) / eBay equivalent: Excellent,,,,,https://chellacollectibles.com/images/singles_2908.jpg|https://chellacollectibles.com/images/singles_2909.jpg,Gallery,,"<div style=""font-family: Arial, Helvetica, sans-serif; color: #111827; line-height: 1.55; max-width: 760px;""> <div style=""border: 1px solid #d9e2f2; border-radius: 14px; overflow: hidden;""> <div style=""background: #07142f; color: #ffffff; padding: 18px 20px;""> <h2 style=""margin: 0; font-size: 24px; letter-spacing: -0.3px;"">Chella Collectibles</h2> <p style=""margin: 6px 0 0; color: #ffdf3c; font-weight: bold;"">Pokemon TCG Singles, Graded Cards & Sealed Products</p> </div> <div style=""padding: 20px;""> <h3 style=""margin: 0 0 14px; color: #07142f; font-size: 21px;"">Pikachu #124 Expedition Base Set Pokemon Card LP</h3> <table style=""width: 100%; border-collapse: collapse; margin-bottom: 18px;""> <tr><td style=""padding: 8px 0; border-bottom: 1px solid #eef2f7; font-weight: bold; width: 140px;"">Item</td><td style=""padding: 8px 0; border-bottom: 1px solid #eef2f7;"">Pikachu #124 - Lightly Played</td></tr> <tr><td style=""padding: 8px 0; border-bottom: 1px solid #eef2f7; font-weight: bold;"">Set</td><td style=""padding: 8px 0; border-bottom: 1px solid #eef2f7;"">Expedition Base Set</td></tr> <tr><td style=""padding: 8px 0; border-bottom: 1px solid #eef2f7; font-weight: bold;"">Condition</td><td style=""padding: 8px 0; border-bottom: 1px solid #eef2f7;"">Lightly Played (LP) / eBay equivalent: Excellent</td></tr> </table> <p style=""margin: 0 0 12px;"">You will receive the exact item shown in the photos. All card images are scanned by us. Scans may occasionally show scanner lines, dust, glare, faint artifacts, or other details picked up by the scanner that may not be present on the card itself.</p> <p style=""margin: 0 0 12px;"">Raw card conditions are listed using the TCGplayer condition guide as a reference. eBay may display equivalent marketplace terminology such as Near Mint or Better, Excellent, Very Good, or Poor. Please review all photos before purchasing.</p> <p style=""margin: 0 0 12px;"">Cards are packaged securely and shipped with care. Combined shipping is available when possible.</p> <div style=""background: #f6f8fc; border: 1px solid #e1e8f5; border-radius: 12px; padding: 14px; margin-top: 16px;""> <p style=""margin: 0; font-weight: bold; color: #07142f;"">More from Chella Collectibles</p> <p style=""margin: 6px 0 0;"">We have more Pokemon TCG singles, graded cards, and sealed products available. Visit our website or eBay store for more inventory.</p> </div> </div> </div> </div>",FixedPrice,GTC,16.99,,,,,1,1,"New Jersey, United States",,,,,,3,,,ReturnsNotAccepted,,,,,Shipping-PWE,,,,,,,,,,,,,,,,,,,,,,,,,,,,,
Add,CHELLA-SINGLE-SINGLES-2910,183050,,Pikachu #124 Expedition Base Set Pokemon Card LP,,,,,4000,,,,400011,Pokémon,Expedition Base Set,Nintendo,,,,,,,,,,Non-Sport Trading Card,,,,,,,,,,,,,,,,,,,,,,124,Pikachu #124,No,,Lightly Played (LP) / eBay equivalent: Excellent,,,,,https://chellacollectibles.com/images/singles_2910.jpg|https://chellacollectibles.com/images/singles_2911.jpg,Gallery,,"<div style=""font-family: Arial, Helvetica, sans-serif; color: #111827; line-height: 1.55; max-width: 760px;""> <div style=""border: 1px solid #d9e2f2; border-radius: 14px; overflow: hidden;""> <div style=""background: #07142f; color: #ffffff; padding: 18px 20px;""> <h2 style=""margin: 0; font-size: 24px; letter-spacing: -0.3px;"">Chella Collectibles</h2> <p style=""margin: 6px 0 0; color: #ffdf3c; font-weight: bold;"">Pokemon TCG Singles, Graded Cards & Sealed Products</p> </div> <div style=""padding: 20px;""> <h3 style=""margin: 0 0 14px; color: #07142f; font-size: 21px;"">Pikachu #124 Expedition Base Set Pokemon Card LP</h3> <table style=""width: 100%; border-collapse: collapse; margin-bottom: 18px;""> <tr><td style=""padding: 8px 0; border-bottom: 1px solid #eef2f7; font-weight: bold; width: 140px;"">Item</td><td style=""padding: 8px 0; border-bottom: 1px solid #eef2f7;"">Pikachu #124 - Lightly Played</td></tr> <tr><td style=""padding: 8px 0; border-bottom: 1px solid #eef2f7; font-weight: bold;"">Set</td><td style=""padding: 8px 0; border-bottom: 1px solid #eef2f7;"">Expedition Base Set</td></tr> <tr><td style=""padding: 8px 0; border-bottom: 1px solid #eef2f7; font-weight: bold;"">Condition</td><td style=""padding: 8px 0; border-bottom: 1px solid #eef2f7;"">Lightly Played (LP) / eBay equivalent: Excellent</td></tr> </table> <p style=""margin: 0 0 12px;"">You will receive the exact item shown in the photos. All card images are scanned by us. Scans may occasionally show scanner lines, dust, glare, faint artifacts, or other details picked up by the scanner that may not be present on the card itself.</p> <p style=""margin: 0 0 12px;"">Raw card conditions are listed using the TCGplayer condition guide as a reference. eBay may display equivalent marketplace terminology such as Near Mint or Better, Excellent, Very Good, or Poor. Please review all photos before purchasing.</p> <p style=""margin: 0 0 12px;"">Cards are packaged securely and shipped with care. Combined shipping is available when possible.</p> <div style=""background: #f6f8fc; border: 1px solid #e1e8f5; border-radius: 12px; padding: 14px; margin-top: 16px;""> <p style=""margin: 0; font-weight: bold; color: #07142f;"">More from Chella Collectibles</p> <p style=""margin: 6px 0 0;"">We have more Pokemon TCG singles, graded cards, and sealed products available. Visit our website or eBay store for more inventory.</p> </div> </div> </div> </div>",FixedPrice,GTC,16.99,,,,,1,1,"New Jersey, United States",,,,,,3,,,ReturnsNotAccepted,,,,,Shipping-PWE,,,,,,,,,,,,,,,,,,,,,,,,,,,,,
Add,CHELLA-SINGLE-SINGLES-2912,183050,,Electabuzz #76 Expedition Base Set Pokemon Card LP,,,,,4000,,,,400011,Pokémon,Expedition Base Set,Nintendo,,,,,,,,,,Non-Sport Trading Card,,,,,,,,,,,,,,,,,,,,,,76,Electabuzz #76,No,,Lightly Played (LP) / eBay equivalent: Excellent,,,,,https://chellacollectibles.com/images/singles_2912.jpg|https://chellacollectibles.com/images/singles_2913.jpg,Gallery,,"<div style=""font-family: Arial, Helvetica, sans-serif; color: #111827; line-height: 1.55; max-width: 760px;""> <div style=""border: 1px solid #d9e2f2; border-radius: 14px; overflow: hidden;""> <div style=""background: #07142f; color: #ffffff; padding: 18px 20px;""> <h2 style=""margin: 0; font-size: 24px; letter-spacing: -0.3px;"">Chella Collectibles</h2> <p style=""margin: 6px 0 0; color: #ffdf3c; font-weight: bold;"">Pokemon TCG Singles, Graded Cards & Sealed Products</p> </div> <div style=""padding: 20px;""> <h3 style=""margin: 0 0 14px; color: #07142f; font-size: 21px;"">Electabuzz #76 Expedition Base Set Pokemon Card LP</h3> <table style=""width: 100%; border-collapse: collapse; margin-bottom: 18px;""> <tr><td style=""padding: 8px 0; border-bottom: 1px solid #eef2f7; font-weight: bold; width: 140px;"">Item</td><td style=""padding: 8px 0; border-bottom: 1px solid #eef2f7;"">Electabuzz #76 - Lightly Played</td></tr> <tr><td style=""padding: 8px 0; border-bottom: 1px solid #eef2f7; font-weight: bold;"">Set</td><td style=""padding: 8px 0; border-bottom: 1px solid #eef2f7;"">Expedition Base Set</td></tr> <tr><td style=""padding: 8px 0; border-bottom: 1px solid #eef2f7; font-weight: bold;"">Condition</td><td style=""padding: 8px 0; border-bottom: 1px solid #eef2f7;"">Lightly Played (LP) / eBay equivalent: Excellent</td></tr> </table> <p style=""margin: 0 0 12px;"">You will receive the exact item shown in the photos. All card images are scanned by us. Scans may occasionally show scanner lines, dust, glare, faint artifacts, or other details picked up by the scanner that may not be present on the card itself.</p> <p style=""margin: 0 0 12px;"">Raw card conditions are listed using the TCGplayer condition guide as a reference. eBay may display equivalent marketplace terminology such as Near Mint or Better, Excellent, Very Good, or Poor. Please review all photos before purchasing.</p> <p style=""margin: 0 0 12px;"">Cards are packaged securely and shipped with care. Combined shipping is available when possible.</p> <div style=""background: #f6f8fc; border: 1px solid #e1e8f5; border-radius: 12px; padding: 14px; margin-top: 16px;""> <p style=""margin: 0; font-weight: bold; color: #07142f;"">More from Chella Collectibles</p> <p style=""margin: 6px 0 0;"">We have more Pokemon TCG singles, graded cards, and sealed products available. Visit our website or eBay store for more inventory.</p> </div> </div> </div> </div>",FixedPrice,GTC,1.99,,,,,1,1,"New Jersey, United States",,,,,,3,,,ReturnsNotAccepted,,,,,Shipping-PWE,,,,,,,,,,,,,,,,,,,,,,,,,,,,,
Add,CHELLA-SINGLE-SINGLES-2914,183050,,Electabuzz #76 Expedition Base Set Pokemon Card MP,,,,,4000,,,,400012,Pokémon,Expedition Base Set,Nintendo,,,,,,,,,,Non-Sport Trading Card,,,,,,,,,,,,,,,,,,,,,,76,Electabuzz #76,No,,Moderately Played (MP) / eBay equivalent: Very Good,,,,,https://chellacollectibles.com/images/singles_2914.jpg|https://chellacollectibles.com/images/singles_2915.jpg,Gallery,,"<div style=""font-family: Arial, Helvetica, sans-serif; color: #111827; line-height: 1.55; max-width: 760px;""> <div style=""border: 1px solid #d9e2f2; border-radius: 14px; overflow: hidden;""> <div style=""background: #07142f; color: #ffffff; padding: 18px 20px;""> <h2 style=""margin: 0; font-size: 24px; letter-spacing: -0.3px;"">Chella Collectibles</h2> <p style=""margin: 6px 0 0; color: #ffdf3c; font-weight: bold;"">Pokemon TCG Singles, Graded Cards & Sealed Products</p> </div> <div style=""padding: 20px;""> <h3 style=""margin: 0 0 14px; color: #07142f; font-size: 21px;"">Electabuzz #76 Expedition Base Set Pokemon Card MP</h3> <table style=""width: 100%; border-collapse: collapse; margin-bottom: 18px;""> <tr><td style=""padding: 8px 0; border-bottom: 1px solid #eef2f7; font-weight: bold; width: 140px;"">Item</td><td style=""padding: 8px 0; border-bottom: 1px solid #eef2f7;"">Electabuzz #76 - Moderately Played</td></tr> <tr><td style=""padding: 8px 0; border-bottom: 1px solid #eef2f7; font-weight: bold;"">Set</td><td style=""padding: 8px 0; border-bottom: 1px solid #eef2f7;"">Expedition Base Set</td></tr> <tr><td style=""padding: 8px 0; border-bottom: 1px solid #eef2f7; font-weight: bold;"">Condition</td><td style=""padding: 8px 0; border-bottom: 1px solid #eef2f7;"">Moderately Played (MP) / eBay equivalent: Very Good</td></tr> </table> <p style=""margin: 0 0 12px;"">You will receive the exact item shown in the photos. All card images are scanned by us. Scans may occasionally show scanner lines, dust, glare, faint artifacts, or other details picked up by the scanner that may not be present on the card itself.</p> <p style=""margin: 0 0 12px;"">Raw card conditions are listed using the TCGplayer condition guide as a reference. eBay may display equivalent marketplace terminology such as Near Mint or Better, Excellent, Very Good, or Poor. Please review all photos before purchasing.</p> <p style=""margin: 0 0 12px;"">Cards are packaged securely and shipped with care. Combined shipping is available when possible.</p> <div style=""background: #f6f8fc; border: 1px solid #e1e8f5; border-radius: 12px; padding: 14px; margin-top: 16px;""> <p style=""margin: 0; font-weight: bold; color: #07142f;"">More from Chella Collectibles</p> <p style=""margin: 6px 0 0;"">We have more Pokemon TCG singles, graded cards, and sealed products available. Visit our website or eBay store for more inventory.</p> </div> </div> </div> </div>",FixedPrice,GTC,1.99,,,,,1,1,"New Jersey, United States",,,,,,3,,,ReturnsNotAccepted,,,,,Shipping-PWE,,,,,,,,,,,,,,,,,,,,,,,,,,,,,
Add,CHELLA-SINGLE-SINGLES-2916,183050,,Flaaffy #77 Expedition Base Set Pokemon Card LP,,,,,4000,,,,400011,Pokémon,Expedition Base Set,Nintendo,,,,,,,,,,Non-Sport Trading Card,,,,,,,,,,,,,,,,,,,,,,77,Flaaffy #77,No,,Lightly Played (LP) / eBay equivalent: Excellent,,,,,https://chellacollectibles.com/images/singles_2916.jpg|https://chellacollectibles.com/images/singles_2917.jpg,Gallery,,"<div style=""font-family: Arial, Helvetica, sans-serif; color: #111827; line-height: 1.55; max-width: 760px;""> <div style=""border: 1px solid #d9e2f2; border-radius: 14px; overflow: hidden;""> <div style=""background: #07142f; color: #ffffff; padding: 18px 20px;""> <h2 style=""margin: 0; font-size: 24px; letter-spacing: -0.3px;"">Chella Collectibles</h2> <p style=""margin: 6px 0 0; color: #ffdf3c; font-weight: bold;"">Pokemon TCG Singles, Graded Cards & Sealed Products</p> </div> <div style=""padding: 20px;""> <h3 style=""margin: 0 0 14px; color: #07142f; font-size: 21px;"">Flaaffy #77 Expedition Base Set Pokemon Card LP</h3> <table style=""width: 100%; border-collapse: collapse; margin-bottom: 18px;""> <tr><td style=""padding: 8px 0; border-bottom: 1px solid #eef2f7; font-weight: bold; width: 140px;"">Item</td><td style=""padding: 8px 0; border-bottom: 1px solid #eef2f7;"">Flaaffy #77 - Lightly Played</td></tr> <tr><td style=""padding: 8px 0; border-bottom: 1px solid #eef2f7; font-weight: bold;"">Set</td><td style=""padding: 8px 0; border-bottom: 1px solid #eef2f7;"">Expedition Base Set</td></tr> <tr><td style=""padding: 8px 0; border-bottom: 1px solid #eef2f7; font-weight: bold;"">Condition</td><td style=""padding: 8px 0; border-bottom: 1px solid #eef2f7;"">Lightly Played (LP) / eBay equivalent: Excellent</td></tr> </table> <p style=""margin: 0 0 12px;"">You will receive the exact item shown in the photos. All card images are scanned by us. Scans may occasionally show scanner lines, dust, glare, faint artifacts, or other details picked up by the scanner that may not be present on the card itself.</p> <p style=""margin: 0 0 12px;"">Raw card conditions are listed using the TCGplayer condition guide as a reference. eBay may display equivalent marketplace terminology such as Near Mint or Better, Excellent, Very Good, or Poor. Please review all photos before purchasing.</p> <p style=""margin: 0 0 12px;"">Cards are packaged securely and shipped with care. Combined shipping is available when possible.</p> <div style=""background: #f6f8fc; border: 1px solid #e1e8f5; border-radius: 12px; padding: 14px; margin-top: 16px;""> <p style=""margin: 0; font-weight: bold; color: #07142f;"">More from Chella Collectibles</p> <p style=""margin: 6px 0 0;"">We have more Pokemon TCG singles, graded cards, and sealed products available. Visit our website or eBay store for more inventory.</p> </div> </div> </div> </div>",FixedPrice,GTC,4.99,,,,,1,1,"New Jersey, United States",,,,,,3,,,ReturnsNotAccepted,,,,,Shipping-PWE,,,,,,,,,,,,,,,,,,,,,,,,,,,,,
Add,CHELLA-SINGLE-SINGLES-2918,183050,,Flaaffy #77 Expedition Base Set Pokemon Card LP,,,,,4000,,,,400011,Pokémon,Expedition Base Set,Nintendo,,,,,,,,,,Non-Sport Trading Card,,,,,,,,,,,,,,,,,,,,,,77,Flaaffy #77,No,,Lightly Played (LP) / eBay equivalent: Excellent,,,,,https://chellacollectibles.com/images/singles_2918.jpg|https://chellacollectibles.com/images/singles_2919.jpg,Gallery,,"<div style=""font-family: Arial, Helvetica, sans-serif; color: #111827; line-height: 1.55; max-width: 760px;""> <div style=""border: 1px solid #d9e2f2; border-radius: 14px; overflow: hidden;""> <div style=""background: #07142f; color: #ffffff; padding: 18px 20px;""> <h2 style=""margin: 0; font-size: 24px; letter-spacing: -0.3px;"">Chella Collectibles</h2> <p style=""margin: 6px 0 0; color: #ffdf3c; font-weight: bold;"">Pokemon TCG Singles, Graded Cards & Sealed Products</p> </div> <div style=""padding: 20px;""> <h3 style=""margin: 0 0 14px; color: #07142f; font-size: 21px;"">Flaaffy #77 Expedition Base Set Pokemon Card LP</h3> <table style=""width: 100%; border-collapse: collapse; margin-bottom: 18px;""> <tr><td style=""padding: 8px 0; border-bottom: 1px solid #eef2f7; font-weight: bold; width: 140px;"">Item</td><td style=""padding: 8px 0; border-bottom: 1px solid #eef2f7;"">Flaaffy #77 - Lightly Played</td></tr> <tr><td style=""padding: 8px 0; border-bottom: 1px solid #eef2f7; font-weight: bold;"">Set</td><td style=""padding: 8px 0; border-bottom: 1px solid #eef2f7;"">Expedition Base Set</td></tr> <tr><td style=""padding: 8px 0; border-bottom: 1px solid #eef2f7; font-weight: bold;"">Condition</td><td style=""padding: 8px 0; border-bottom: 1px solid #eef2f7;"">Lightly Played (LP) / eBay equivalent: Excellent</td></tr> </table> <p style=""margin: 0 0 12px;"">You will receive the exact item shown in the photos. All card images are scanned by us. Scans may occasionally show scanner lines, dust, glare, faint artifacts, or other details picked up by the scanner that may not be present on the card itself.</p> <p style=""margin: 0 0 12px;"">Raw card conditions are listed using the TCGplayer condition guide as a reference. eBay may display equivalent marketplace terminology such as Near Mint or Better, Excellent, Very Good, or Poor. Please review all photos before purchasing.</p> <p style=""margin: 0 0 12px;"">Cards are packaged securely and shipped with care. Combined shipping is available when possible.</p> <div style=""background: #f6f8fc; border: 1px solid #e1e8f5; border-radius: 12px; padding: 14px; margin-top: 16px;""> <p style=""margin: 0; font-weight: bold; color: #07142f;"">More from Chella Collectibles</p> <p style=""margin: 6px 0 0;"">We have more Pokemon TCG singles, graded cards, and sealed products available. Visit our website or eBay store for more inventory.</p> </div> </div> </div> </div>",FixedPrice,GTC,4.99,,,,,1,1,"New Jersey, United States",,,,,,3,,,ReturnsNotAccepted,,,,,Shipping-PWE,,,,,,,,,,,,,,,,,,,,,,,,,,,,,
Add,CHELLA-SINGLE-SINGLES-2920,183050,,Mareep #119 Expedition Base Set Pokemon Card NM,,,,,4000,,,,400010,Pokémon,Expedition Base Set,Nintendo,,,,,,,,,,Non-Sport Trading Card,,,,,,,,,,,,,,,,,,,,,,119,Mareep #119,No,,Near Mint (NM) / eBay equivalent: Near Mint or Better,,,,,https://chellacollectibles.com/images/singles_2920.jpg|https://chellacollectibles.com/images/singles_2921.jpg,Gallery,,"<div style=""font-family: Arial, Helvetica, sans-serif; color: #111827; line-height: 1.55; max-width: 760px;""> <div style=""border: 1px solid #d9e2f2; border-radius: 14px; overflow: hidden;""> <div style=""background: #07142f; color: #ffffff; padding: 18px 20px;""> <h2 style=""margin: 0; font-size: 24px; letter-spacing: -0.3px;"">Chella Collectibles</h2> <p style=""margin: 6px 0 0; color: #ffdf3c; font-weight: bold;"">Pokemon TCG Singles, Graded Cards & Sealed Products</p> </div> <div style=""padding: 20px;""> <h3 style=""margin: 0 0 14px; color: #07142f; font-size: 21px;"">Mareep #119 Expedition Base Set Pokemon Card NM</h3> <table style=""width: 100%; border-collapse: collapse; margin-bottom: 18px;""> <tr><td style=""padding: 8px 0; border-bottom: 1px solid #eef2f7; font-weight: bold; width: 140px;"">Item</td><td style=""padding: 8px 0; border-bottom: 1px solid #eef2f7;"">Mareep #119 - Near Mint</td></tr> <tr><td style=""padding: 8px 0; border-bottom: 1px solid #eef2f7; font-weight: bold;"">Set</td><td style=""padding: 8px 0; border-bottom: 1px solid #eef2f7;"">Expedition Base Set</td></tr> <tr><td style=""padding: 8px 0; border-bottom: 1px solid #eef2f7; font-weight: bold;"">Condition</td><td style=""padding: 8px 0; border-bottom: 1px solid #eef2f7;"">Near Mint (NM) / eBay equivalent: Near Mint or Better</td></tr> </table> <p style=""margin: 0 0 12px;"">You will receive the exact item shown in the photos. All card images are scanned by us. Scans may occasionally show scanner lines, dust, glare, faint artifacts, or other details picked up by the scanner that may not be present on the card itself.</p> <p style=""margin: 0 0 12px;"">Raw card conditions are listed using the TCGplayer condition guide as a reference. eBay may display equivalent marketplace terminology such as Near Mint or Better, Excellent, Very Good, or Poor. Please review all photos before purchasing.</p> <p style=""margin: 0 0 12px;"">Cards are packaged securely and shipped with care. Combined shipping is available when possible.</p> <div style=""background: #f6f8fc; border: 1px solid #e1e8f5; border-radius: 12px; padding: 14px; margin-top: 16px;""> <p style=""margin: 0; font-weight: bold; color: #07142f;"">More from Chella Collectibles</p> <p style=""margin: 6px 0 0;"">We have more Pokemon TCG singles, graded cards, and sealed products available. Visit our website or eBay store for more inventory.</p> </div> </div> </div> </div>",FixedPrice,GTC,3.99,,,,,1,1,"New Jersey, United States",,,,,,3,,,ReturnsNotAccepted,,,,,Shipping-PWE,,,,,,,,,,,,,,,,,,,,,,,,,,,,,
Add,CHELLA-SINGLE-SINGLES-2922,183050,,Mareep #119 Expedition Base Set Pokemon Card NM,,,,,4000,,,,400010,Pokémon,Expedition Base Set,Nintendo,,,,,,,,,,Non-Sport Trading Card,,,,,,,,,,,,,,,,,,,,,,119,Mareep #119,No,,Near Mint (NM) / eBay equivalent: Near Mint or Better,,,,,https://chellacollectibles.com/images/singles_2922.jpg|https://chellacollectibles.com/images/singles_2923.jpg,Gallery,,"<div style=""font-family: Arial, Helvetica, sans-serif; color: #111827; line-height: 1.55; max-width: 760px;""> <div style=""border: 1px solid #d9e2f2; border-radius: 14px; overflow: hidden;""> <div style=""background: #07142f; color: #ffffff; padding: 18px 20px;""> <h2 style=""margin: 0; font-size: 24px; letter-spacing: -0.3px;"">Chella Collectibles</h2> <p style=""margin: 6px 0 0; color: #ffdf3c; font-weight: bold;"">Pokemon TCG Singles, Graded Cards & Sealed Products</p> </div> <div style=""padding: 20px;""> <h3 style=""margin: 0 0 14px; color: #07142f; font-size: 21px;"">Mareep #119 Expedition Base Set Pokemon Card NM</h3> <table style=""width: 100%; border-collapse: collapse; margin-bottom: 18px;""> <tr><td style=""padding: 8px 0; border-bottom: 1px solid #eef2f7; font-weight: bold; width: 140px;"">Item</td><td style=""padding: 8px 0; border-bottom: 1px solid #eef2f7;"">Mareep #119 - Near Mint</td></tr> <tr><td style=""padding: 8px 0; border-bottom: 1px solid #eef2f7; font-weight: bold;"">Set</td><td style=""padding: 8px 0; border-bottom: 1px solid #eef2f7;"">Expedition Base Set</td></tr> <tr><td style=""padding: 8px 0; border-bottom: 1px solid #eef2f7; font-weight: bold;"">Condition</td><td style=""padding: 8px 0; border-bottom: 1px solid #eef2f7;"">Near Mint (NM) / eBay equivalent: Near Mint or Better</td></tr> </table> <p style=""margin: 0 0 12px;"">You will receive the exact item shown in the photos. All card images are scanned by us. Scans may occasionally show scanner lines, dust, glare, faint artifacts, or other details picked up by the scanner that may not be present on the card itself.</p> <p style=""margin: 0 0 12px;"">Raw card conditions are listed using the TCGplayer condition guide as a reference. eBay may display equivalent marketplace terminology such as Near Mint or Better, Excellent, Very Good, or Poor. Please review all photos before purchasing.</p> <p style=""margin: 0 0 12px;"">Cards are packaged securely and shipped with care. Combined shipping is available when possible.</p> <div style=""background: #f6f8fc; border: 1px solid #e1e8f5; border-radius: 12px; padding: 14px; margin-top: 16px;""> <p style=""margin: 0; font-weight: bold; color: #07142f;"">More from Chella Collectibles</p> <p style=""margin: 6px 0 0;"">We have more Pokemon TCG singles, graded cards, and sealed products available. Visit our website or eBay store for more inventory.</p> </div> </div> </div> </div>",FixedPrice,GTC,3.99,,,,,1,1,"New Jersey, United States",,,,,,3,,,ReturnsNotAccepted,,,,,Shipping-PWE,,,,,,,,,,,,,,,,,,,,,,,,,,,,,
Add,CHELLA-SINGLE-SINGLES-2924,183050,,Mareep #119 Expedition Base Set Pokemon Card LP,,,,,4000,,,,400011,Pokémon,Expedition Base Set,Nintendo,,,,,,,,,,Non-Sport Trading Card,,,,,,,,,,,,,,,,,,,,,,119,Mareep #119,No,,Lightly Played (LP) / eBay equivalent: Excellent,,,,,https://chellacollectibles.com/images/singles_2924.jpg|https://chellacollectibles.com/images/singles_2925.jpg,Gallery,,"<div style=""font-family: Arial, Helvetica, sans-serif; color: #111827; line-height: 1.55; max-width: 760px;""> <div style=""border: 1px solid #d9e2f2; border-radius: 14px; overflow: hidden;""> <div style=""background: #07142f; color: #ffffff; padding: 18px 20px;""> <h2 style=""margin: 0; font-size: 24px; letter-spacing: -0.3px;"">Chella Collectibles</h2> <p style=""margin: 6px 0 0; color: #ffdf3c; font-weight: bold;"">Pokemon TCG Singles, Graded Cards & Sealed Products</p> </div> <div style=""padding: 20px;""> <h3 style=""margin: 0 0 14px; color: #07142f; font-size: 21px;"">Mareep #119 Expedition Base Set Pokemon Card LP</h3> <table style=""width: 100%; border-collapse: collapse; margin-bottom: 18px;""> <tr><td style=""padding: 8px 0; border-bottom: 1px solid #eef2f7; font-weight: bold; width: 140px;"">Item</td><td style=""padding: 8px 0; border-bottom: 1px solid #eef2f7;"">Mareep #119 - Lightly Played</td></tr> <tr><td style=""padding: 8px 0; border-bottom: 1px solid #eef2f7; font-weight: bold;"">Set</td><td style=""padding: 8px 0; border-bottom: 1px solid #eef2f7;"">Expedition Base Set</td></tr> <tr><td style=""padding: 8px 0; border-bottom: 1px solid #eef2f7; font-weight: bold;"">Condition</td><td style=""padding: 8px 0; border-bottom: 1px solid #eef2f7;"">Lightly Played (LP) / eBay equivalent: Excellent</td></tr> </table> <p style=""margin: 0 0 12px;"">You will receive the exact item shown in the photos. All card images are scanned by us. Scans may occasionally show scanner lines, dust, glare, faint artifacts, or other details picked up by the scanner that may not be present on the card itself.</p> <p style=""margin: 0 0 12px;"">Raw card conditions are listed using the TCGplayer condition guide as a reference. eBay may display equivalent marketplace terminology such as Near Mint or Better, Excellent, Very Good, or Poor. Please review all photos before purchasing.</p> <p style=""margin: 0 0 12px;"">Cards are packaged securely and shipped with care. Combined shipping is available when possible.</p> <div style=""background: #f6f8fc; border: 1px solid #e1e8f5; border-radius: 12px; padding: 14px; margin-top: 16px;""> <p style=""margin: 0; font-weight: bold; color: #07142f;"">More from Chella Collectibles</p> <p style=""margin: 6px 0 0;"">We have more Pokemon TCG singles, graded cards, and sealed products available. Visit our website or eBay store for more inventory.</p> </div> </div> </div> </div>",FixedPrice,GTC,1.99,,,,,1,1,"New Jersey, United States",,,,,,3,,,ReturnsNotAccepted,,,,,Shipping-PWE,,,,,,,,,,,,,,,,,,,,,,,,,,,,,
Add,CHELLA-SINGLE-SINGLES-2926,183050,,Mareep #119 Expedition Base Set Pokemon Card LP,,,,,4000,,,,400011,Pokémon,Expedition Base Set,Nintendo,,,,,,,,,,Non-Sport Trading Card,,,,,,,,,,,,,,,,,,,,,,119,Mareep #119,No,,Lightly Played (LP) / eBay equivalent: Excellent,,,,,https://chellacollectibles.com/images/singles_2926.jpg|https://chellacollectibles.com/images/singles_2927.jpg,Gallery,,"<div style=""font-family: Arial, Helvetica, sans-serif; color: #111827; line-height: 1.55; max-width: 760px;""> <div style=""border: 1px solid #d9e2f2; border-radius: 14px; overflow: hidden;""> <div style=""background: #07142f; color: #ffffff; padding: 18px 20px;""> <h2 style=""margin: 0; font-size: 24px; letter-spacing: -0.3px;"">Chella Collectibles</h2> <p style=""margin: 6px 0 0; color: #ffdf3c; font-weight: bold;"">Pokemon TCG Singles, Graded Cards & Sealed Products</p> </div> <div style=""padding: 20px;""> <h3 style=""margin: 0 0 14px; color: #07142f; font-size: 21px;"">Mareep #119 Expedition Base Set Pokemon Card LP</h3> <table style=""width: 100%; border-collapse: collapse; margin-bottom: 18px;""> <tr><td style=""padding: 8px 0; border-bottom: 1px solid #eef2f7; font-weight: bold; width: 140px;"">Item</td><td style=""padding: 8px 0; border-bottom: 1px solid #eef2f7;"">Mareep #119 - Lightly Played</td></tr> <tr><td style=""padding: 8px 0; border-bottom: 1px solid #eef2f7; font-weight: bold;"">Set</td><td style=""padding: 8px 0; border-bottom: 1px solid #eef2f7;"">Expedition Base Set</td></tr> <tr><td style=""padding: 8px 0; border-bottom: 1px solid #eef2f7; font-weight: bold;"">Condition</td><td style=""padding: 8px 0; border-bottom: 1px solid #eef2f7;"">Lightly Played (LP) / eBay equivalent: Excellent</td></tr> </table> <p style=""margin: 0 0 12px;"">You will receive the exact item shown in the photos. All card images are scanned by us. Scans may occasionally show scanner lines, dust, glare, faint artifacts, or other details picked up by the scanner that may not be present on the card itself.</p> <p style=""margin: 0 0 12px;"">Raw card conditions are listed using the TCGplayer condition guide as a reference. eBay may display equivalent marketplace terminology such as Near Mint or Better, Excellent, Very Good, or Poor. Please review all photos before purchasing.</p> <p style=""margin: 0 0 12px;"">Cards are packaged securely and shipped with care. Combined shipping is available when possible.</p> <div style=""background: #f6f8fc; border: 1px solid #e1e8f5; border-radius: 12px; padding: 14px; margin-top: 16px;""> <p style=""margin: 0; font-weight: bold; color: #07142f;"">More from Chella Collectibles</p> <p style=""margin: 6px 0 0;"">We have more Pokemon TCG singles, graded cards, and sealed products available. Visit our website or eBay store for more inventory.</p> </div> </div> </div> </div>",FixedPrice,GTC,1.99,,,,,1,1,"New Jersey, United States",,,,,,3,,,ReturnsNotAccepted,,,,,Shipping-PWE,,,,,,,,,,,,,,,,,,,,,,,,,,,,,
Add,CHELLA-SINGLE-SINGLES-2928,183050,,Magnemite #76 Skyridge Pokemon Card LP,,,,,4000,,,,400011,Pokémon,Skyridge,Nintendo,,,,,,,,,,Non-Sport Trading Card,,,,,,,,,,,,,,,,,,,,,,76,Magnemite #76,No,,Lightly Played (LP) / eBay equivalent: Excellent,,,,,https://chellacollectibles.com/images/singles_2928.jpg|https://chellacollectibles.com/images/singles_2929.jpg,Gallery,,"<div style=""font-family: Arial, Helvetica, sans-serif; color: #111827; line-height: 1.55; max-width: 760px;""> <div style=""border: 1px solid #d9e2f2; border-radius: 14px; overflow: hidden;""> <div style=""background: #07142f; color: #ffffff; padding: 18px 20px;""> <h2 style=""margin: 0; font-size: 24px; letter-spacing: -0.3px;"">Chella Collectibles</h2> <p style=""margin: 6px 0 0; color: #ffdf3c; font-weight: bold;"">Pokemon TCG Singles, Graded Cards & Sealed Products</p> </div> <div style=""padding: 20px;""> <h3 style=""margin: 0 0 14px; color: #07142f; font-size: 21px;"">Magnemite #76 Skyridge Pokemon Card LP</h3> <table style=""width: 100%; border-collapse: collapse; margin-bottom: 18px;""> <tr><td style=""padding: 8px 0; border-bottom: 1px solid #eef2f7; font-weight: bold; width: 140px;"">Item</td><td style=""padding: 8px 0; border-bottom: 1px solid #eef2f7;"">Magnemite #76 - Lightly Played</td></tr> <tr><td style=""padding: 8px 0; border-bottom: 1px solid #eef2f7; font-weight: bold;"">Set</td><td style=""padding: 8px 0; border-bottom: 1px solid #eef2f7;"">Skyridge</td></tr> <tr><td style=""padding: 8px 0; border-bottom: 1px solid #eef2f7; font-weight: bold;"">Condition</td><td style=""padding: 8px 0; border-bottom: 1px solid #eef2f7;"">Lightly Played (LP) / eBay equivalent: Excellent</td></tr> </table> <p style=""margin: 0 0 12px;"">You will receive the exact item shown in the photos. All card images are scanned by us. Scans may occasionally show scanner lines, dust, glare, faint artifacts, or other details picked up by the scanner that may not be present on the card itself.</p> <p style=""margin: 0 0 12px;"">Raw card conditions are listed using the TCGplayer condition guide as a reference. eBay may display equivalent marketplace terminology such as Near Mint or Better, Excellent, Very Good, or Poor. Please review all photos before purchasing.</p> <p style=""margin: 0 0 12px;"">Cards are packaged securely and shipped with care. Combined shipping is available when possible.</p> <div style=""background: #f6f8fc; border: 1px solid #e1e8f5; border-radius: 12px; padding: 14px; margin-top: 16px;""> <p style=""margin: 0; font-weight: bold; color: #07142f;"">More from Chella Collectibles</p> <p style=""margin: 6px 0 0;"">We have more Pokemon TCG singles, graded cards, and sealed products available. Visit our website or eBay store for more inventory.</p> </div> </div> </div> </div>",FixedPrice,GTC,7.99,,,,,1,1,"New Jersey, United States",,,,,,3,,,ReturnsNotAccepted,,,,,Shipping-PWE,,,,,,,,,,,,,,,,,,,,,,,,,,,,,
Add,CHELLA-SINGLE-SINGLES-2930,183050,,Jigglypuff #68 Skyridge Pokemon Card LP,,,,,4000,,,,400011,Pokémon,Skyridge,Nintendo,,,,,,,,,,Non-Sport Trading Card,,,,,,,,,,,,,,,,,,,,,,68,Jigglypuff #68,No,,Lightly Played (LP) / eBay equivalent: Excellent,,,,,https://chellacollectibles.com/images/singles_2930.jpg|https://chellacollectibles.com/images/singles_2931.jpg,Gallery,,"<div style=""font-family: Arial, Helvetica, sans-serif; color: #111827; line-height: 1.55; max-width: 760px;""> <div style=""border: 1px solid #d9e2f2; border-radius: 14px; overflow: hidden;""> <div style=""background: #07142f; color: #ffffff; padding: 18px 20px;""> <h2 style=""margin: 0; font-size: 24px; letter-spacing: -0.3px;"">Chella Collectibles</h2> <p style=""margin: 6px 0 0; color: #ffdf3c; font-weight: bold;"">Pokemon TCG Singles, Graded Cards & Sealed Products</p> </div> <div style=""padding: 20px;""> <h3 style=""margin: 0 0 14px; color: #07142f; font-size: 21px;"">Jigglypuff #68 Skyridge Pokemon Card LP</h3> <table style=""width: 100%; border-collapse: collapse; margin-bottom: 18px;""> <tr><td style=""padding: 8px 0; border-bottom: 1px solid #eef2f7; font-weight: bold; width: 140px;"">Item</td><td style=""padding: 8px 0; border-bottom: 1px solid #eef2f7;"">Jigglypuff #68 - Lightly Played</td></tr> <tr><td style=""padding: 8px 0; border-bottom: 1px solid #eef2f7; font-weight: bold;"">Set</td><td style=""padding: 8px 0; border-bottom: 1px solid #eef2f7;"">Skyridge</td></tr> <tr><td style=""padding: 8px 0; border-bottom: 1px solid #eef2f7; font-weight: bold;"">Condition</td><td style=""padding: 8px 0; border-bottom: 1px solid #eef2f7;"">Lightly Played (LP) / eBay equivalent: Excellent</td></tr> </table> <p style=""margin: 0 0 12px;"">You will receive the exact item shown in the photos. All card images are scanned by us. Scans may occasionally show scanner lines, dust, glare, faint artifacts, or other details picked up by the scanner that may not be present on the card itself.</p> <p style=""margin: 0 0 12px;"">Raw card conditions are listed using the TCGplayer condition guide as a reference. eBay may display equivalent marketplace terminology such as Near Mint or Better, Excellent, Very Good, or Poor. Please review all photos before purchasing.</p> <p style=""margin: 0 0 12px;"">Cards are packaged securely and shipped with care. Combined shipping is available when possible.</p> <div style=""background: #f6f8fc; border: 1px solid #e1e8f5; border-radius: 12px; padding: 14px; margin-top: 16px;""> <p style=""margin: 0; font-weight: bold; color: #07142f;"">More from Chella Collectibles</p> <p style=""margin: 6px 0 0;"">We have more Pokemon TCG singles, graded cards, and sealed products available. Visit our website or eBay store for more inventory.</p> </div> </div> </div> </div>",FixedPrice,GTC,29.99,,,,,1,1,"New Jersey, United States",,,,,,3,,,ReturnsNotAccepted,,,,,Shipping-Normal,,,,,,,,,,,,,,,,,,,,,,,,,,,,,
Add,CHELLA-SINGLE-SINGLES-2932,183050,,Cleffa #48 Skyridge Pokemon Card LP,,,,,4000,,,,400011,Pokémon,Skyridge,Nintendo,,,,,,,,,,Non-Sport Trading Card,,,,,,,,,,,,,,,,,,,,,,48,Cleffa #48,No,,Lightly Played (LP) / eBay equivalent: Excellent,,,,,https://chellacollectibles.com/images/singles_2932.jpg|https://chellacollectibles.com/images/singles_2933.jpg,Gallery,,"<div style=""font-family: Arial, Helvetica, sans-serif; color: #111827; line-height: 1.55; max-width: 760px;""> <div style=""border: 1px solid #d9e2f2; border-radius: 14px; overflow: hidden;""> <div style=""background: #07142f; color: #ffffff; padding: 18px 20px;""> <h2 style=""margin: 0; font-size: 24px; letter-spacing: -0.3px;"">Chella Collectibles</h2> <p style=""margin: 6px 0 0; color: #ffdf3c; font-weight: bold;"">Pokemon TCG Singles, Graded Cards & Sealed Products</p> </div> <div style=""padding: 20px;""> <h3 style=""margin: 0 0 14px; color: #07142f; font-size: 21px;"">Cleffa #48 Skyridge Pokemon Card LP</h3> <table style=""width: 100%; border-collapse: collapse; margin-bottom: 18px;""> <tr><td style=""padding: 8px 0; border-bottom: 1px solid #eef2f7; font-weight: bold; width: 140px;"">Item</td><td style=""padding: 8px 0; border-bottom: 1px solid #eef2f7;"">Cleffa #48 - Lightly Played</td></tr> <tr><td style=""padding: 8px 0; border-bottom: 1px solid #eef2f7; font-weight: bold;"">Set</td><td style=""padding: 8px 0; border-bottom: 1px solid #eef2f7;"">Skyridge</td></tr> <tr><td style=""padding: 8px 0; border-bottom: 1px solid #eef2f7; font-weight: bold;"">Condition</td><td style=""padding: 8px 0; border-bottom: 1px solid #eef2f7;"">Lightly Played (LP) / eBay equivalent: Excellent</td></tr> </table> <p style=""margin: 0 0 12px;"">You will receive the exact item shown in the photos. All card images are scanned by us. Scans may occasionally show scanner lines, dust, glare, faint artifacts, or other details picked up by the scanner that may not be present on the card itself.</p> <p style=""margin: 0 0 12px;"">Raw card conditions are listed using the TCGplayer condition guide as a reference. eBay may display equivalent marketplace terminology such as Near Mint or Better, Excellent, Very Good, or Poor. Please review all photos before purchasing.</p> <p style=""margin: 0 0 12px;"">Cards are packaged securely and shipped with care. Combined shipping is available when possible.</p> <div style=""background: #f6f8fc; border: 1px solid #e1e8f5; border-radius: 12px; padding: 14px; margin-top: 16px;""> <p style=""margin: 0; font-weight: bold; color: #07142f;"">More from Chella Collectibles</p> <p style=""margin: 6px 0 0;"">We have more Pokemon TCG singles, graded cards, and sealed products available. Visit our website or eBay store for more inventory.</p> </div> </div> </div> </div>",FixedPrice,GTC,29.99,,,,,1,1,"New Jersey, United States",,,,,,3,,,ReturnsNotAccepted,,,,,Shipping-Normal,,,,,,,,,,,,,,,,,,,,,,,,,,,,,
Add,CHELLA-SINGLE-SINGLES-2934,183050,,Raticate #89 Skyridge Pokemon Card LP,,,,,4000,,,,400011,Pokémon,Skyridge,Nintendo,,,,,,,,,,Non-Sport Trading Card,,,,,,,,,,,,,,,,,,,,,,89,Raticate #89,No,,Lightly Played (LP) / eBay equivalent: Excellent,,,,,https://chellacollectibles.com/images/singles_2934.jpg|https://chellacollectibles.com/images/singles_2935.jpg,Gallery,,"<div style=""font-family: Arial, Helvetica, sans-serif; color: #111827; line-height: 1.55; max-width: 760px;""> <div style=""border: 1px solid #d9e2f2; border-radius: 14px; overflow: hidden;""> <div style=""background: #07142f; color: #ffffff; padding: 18px 20px;""> <h2 style=""margin: 0; font-size: 24px; letter-spacing: -0.3px;"">Chella Collectibles</h2> <p style=""margin: 6px 0 0; color: #ffdf3c; font-weight: bold;"">Pokemon TCG Singles, Graded Cards & Sealed Products</p> </div> <div style=""padding: 20px;""> <h3 style=""margin: 0 0 14px; color: #07142f; font-size: 21px;"">Raticate #89 Skyridge Pokemon Card LP</h3> <table style=""width: 100%; border-collapse: collapse; margin-bottom: 18px;""> <tr><td style=""padding: 8px 0; border-bottom: 1px solid #eef2f7; font-weight: bold; width: 140px;"">Item</td><td style=""padding: 8px 0; border-bottom: 1px solid #eef2f7;"">Raticate #89 - Lightly Played</td></tr> <tr><td style=""padding: 8px 0; border-bottom: 1px solid #eef2f7; font-weight: bold;"">Set</td><td style=""padding: 8px 0; border-bottom: 1px solid #eef2f7;"">Skyridge</td></tr> <tr><td style=""padding: 8px 0; border-bottom: 1px solid #eef2f7; font-weight: bold;"">Condition</td><td style=""padding: 8px 0; border-bottom: 1px solid #eef2f7;"">Lightly Played (LP) / eBay equivalent: Excellent</td></tr> </table> <p style=""margin: 0 0 12px;"">You will receive the exact item shown in the photos. All card images are scanned by us. Scans may occasionally show scanner lines, dust, glare, faint artifacts, or other details picked up by the scanner that may not be present on the card itself.</p> <p style=""margin: 0 0 12px;"">Raw card conditions are listed using the TCGplayer condition guide as a reference. eBay may display equivalent marketplace terminology such as Near Mint or Better, Excellent, Very Good, or Poor. Please review all photos before purchasing.</p> <p style=""margin: 0 0 12px;"">Cards are packaged securely and shipped with care. Combined shipping is available when possible.</p> <div style=""background: #f6f8fc; border: 1px solid #e1e8f5; border-radius: 12px; padding: 14px; margin-top: 16px;""> <p style=""margin: 0; font-weight: bold; color: #07142f;"">More from Chella Collectibles</p> <p style=""margin: 6px 0 0;"">We have more Pokemon TCG singles, graded cards, and sealed products available. Visit our website or eBay store for more inventory.</p> </div> </div> </div> </div>",FixedPrice,GTC,10.99,,,,,1,1,"New Jersey, United States",,,,,,3,,,ReturnsNotAccepted,,,,,Shipping-PWE,,,,,,,,,,,,,,,,,,,,,,,,,,,,,
Add,CHELLA-SINGLE-SINGLES-2940,183050,,Koffing #114 Expedition Base Set Pokemon Card LP,,,,,4000,,,,400011,Pokémon,Expedition Base Set,Nintendo,,,,,,,,,,Non-Sport Trading Card,,,,,,,,,,,,,,,,,,,,,,114,Koffing #114,No,,Lightly Played (LP) / eBay equivalent: Excellent,,,,,https://chellacollectibles.com/images/singles_2940.jpg|https://chellacollectibles.com/images/singles_2941.jpg,Gallery,,"<div style=""font-family: Arial, Helvetica, sans-serif; color: #111827; line-height: 1.55; max-width: 760px;""> <div style=""border: 1px solid #d9e2f2; border-radius: 14px; overflow: hidden;""> <div style=""background: #07142f; color: #ffffff; padding: 18px 20px;""> <h2 style=""margin: 0; font-size: 24px; letter-spacing: -0.3px;"">Chella Collectibles</h2> <p style=""margin: 6px 0 0; color: #ffdf3c; font-weight: bold;"">Pokemon TCG Singles, Graded Cards & Sealed Products</p> </div> <div style=""padding: 20px;""> <h3 style=""margin: 0 0 14px; color: #07142f; font-size: 21px;"">Koffing #114 Expedition Base Set Pokemon Card LP</h3> <table style=""width: 100%; border-collapse: collapse; margin-bottom: 18px;""> <tr><td style=""padding: 8px 0; border-bottom: 1px solid #eef2f7; font-weight: bold; width: 140px;"">Item</td><td style=""padding: 8px 0; border-bottom: 1px solid #eef2f7;"">Koffing #114 - Lightly Played</td></tr> <tr><td style=""padding: 8px 0; border-bottom: 1px solid #eef2f7; font-weight: bold;"">Set</td><td style=""padding: 8px 0; border-bottom: 1px solid #eef2f7;"">Expedition Base Set</td></tr> <tr><td style=""padding: 8px 0; border-bottom: 1px solid #eef2f7; font-weight: bold;"">Condition</td><td style=""padding: 8px 0; border-bottom: 1px solid #eef2f7;"">Lightly Played (LP) / eBay equivalent: Excellent</td></tr> </table> <p style=""margin: 0 0 12px;"">You will receive the exact item shown in the photos. All card images are scanned by us. Scans may occasionally show scanner lines, dust, glare, faint artifacts, or other details picked up by the scanner that may not be present on the card itself.</p> <p style=""margin: 0 0 12px;"">Raw card conditions are listed using the TCGplayer condition guide as a reference. eBay may display equivalent marketplace terminology such as Near Mint or Better, Excellent, Very Good, or Poor. Please review all photos before purchasing.</p> <p style=""margin: 0 0 12px;"">Cards are packaged securely and shipped with care. Combined shipping is available when possible.</p> <div style=""background: #f6f8fc; border: 1px solid #e1e8f5; border-radius: 12px; padding: 14px; margin-top: 16px;""> <p style=""margin: 0; font-weight: bold; color: #07142f;"">More from Chella Collectibles</p> <p style=""margin: 6px 0 0;"">We have more Pokemon TCG singles, graded cards, and sealed products available. Visit our website or eBay store for more inventory.</p> </div> </div> </div> </div>",FixedPrice,GTC,2.99,,,,,1,1,"New Jersey, United States",,,,,,3,,,ReturnsNotAccepted,,,,,Shipping-PWE,,,,,,,,,,,,,,,,,,,,,,,,,,,,,
Add,CHELLA-SINGLE-SINGLES-2942,183050,,Koffing #114 Expedition Base Set Pokemon Card NM,,,,,4000,,,,400010,Pokémon,Expedition Base Set,Nintendo,,,,,,,,,,Non-Sport Trading Card,,,,,,,,,,,,,,,,,,,,,,114,Koffing #114,No,,Near Mint (NM) / eBay equivalent: Near Mint or Better,,,,,https://chellacollectibles.com/images/singles_2942.jpg|https://chellacollectibles.com/images/singles_2943.jpg,Gallery,,"<div style=""font-family: Arial, Helvetica, sans-serif; color: #111827; line-height: 1.55; max-width: 760px;""> <div style=""border: 1px solid #d9e2f2; border-radius: 14px; overflow: hidden;""> <div style=""background: #07142f; color: #ffffff; padding: 18px 20px;""> <h2 style=""margin: 0; font-size: 24px; letter-spacing: -0.3px;"">Chella Collectibles</h2> <p style=""margin: 6px 0 0; color: #ffdf3c; font-weight: bold;"">Pokemon TCG Singles, Graded Cards & Sealed Products</p> </div> <div style=""padding: 20px;""> <h3 style=""margin: 0 0 14px; color: #07142f; font-size: 21px;"">Koffing #114 Expedition Base Set Pokemon Card NM</h3> <table style=""width: 100%; border-collapse: collapse; margin-bottom: 18px;""> <tr><td style=""padding: 8px 0; border-bottom: 1px solid #eef2f7; font-weight: bold; width: 140px;"">Item</td><td style=""padding: 8px 0; border-bottom: 1px solid #eef2f7;"">Koffing #114 - Near Mint</td></tr> <tr><td style=""padding: 8px 0; border-bottom: 1px solid #eef2f7; font-weight: bold;"">Set</td><td style=""padding: 8px 0; border-bottom: 1px solid #eef2f7;"">Expedition Base Set</td></tr> <tr><td style=""padding: 8px 0; border-bottom: 1px solid #eef2f7; font-weight: bold;"">Condition</td><td style=""padding: 8px 0; border-bottom: 1px solid #eef2f7;"">Near Mint (NM) / eBay equivalent: Near Mint or Better</td></tr> </table> <p style=""margin: 0 0 12px;"">You will receive the exact item shown in the photos. All card images are scanned by us. Scans may occasionally show scanner lines, dust, glare, faint artifacts, or other details picked up by the scanner that may not be present on the card itself.</p> <p style=""margin: 0 0 12px;"">Raw card conditions are listed using the TCGplayer condition guide as a reference. eBay may display equivalent marketplace terminology such as Near Mint or Better, Excellent, Very Good, or Poor. Please review all photos before purchasing.</p> <p style=""margin: 0 0 12px;"">Cards are packaged securely and shipped with care. Combined shipping is available when possible.</p> <div style=""background: #f6f8fc; border: 1px solid #e1e8f5; border-radius: 12px; padding: 14px; margin-top: 16px;""> <p style=""margin: 0; font-weight: bold; color: #07142f;"">More from Chella Collectibles</p> <p style=""margin: 6px 0 0;"">We have more Pokemon TCG singles, graded cards, and sealed products available. Visit our website or eBay store for more inventory.</p> </div> </div> </div> </div>",FixedPrice,GTC,4.99,,,,,1,1,"New Jersey, United States",,,,,,3,,,ReturnsNotAccepted,,,,,Shipping-PWE,,,,,,,,,,,,,,,,,,,,,,,,,,,,,
Add,CHELLA-SINGLE-SINGLES-2944,183050,,Koffing #114 Expedition Base Set Pokemon Card NM,,,,,4000,,,,400010,Pokémon,Expedition Base Set,Nintendo,,,,,,,,,,Non-Sport Trading Card,,,,,,,,,,,,,,,,,,,,,,114,Koffing #114,No,,Near Mint (NM) / eBay equivalent: Near Mint or Better,,,,,https://chellacollectibles.com/images/singles_2944.jpg|https://chellacollectibles.com/images/singles_2945.jpg,Gallery,,"<div style=""font-family: Arial, Helvetica, sans-serif; color: #111827; line-height: 1.55; max-width: 760px;""> <div style=""border: 1px solid #d9e2f2; border-radius: 14px; overflow: hidden;""> <div style=""background: #07142f; color: #ffffff; padding: 18px 20px;""> <h2 style=""margin: 0; font-size: 24px; letter-spacing: -0.3px;"">Chella Collectibles</h2> <p style=""margin: 6px 0 0; color: #ffdf3c; font-weight: bold;"">Pokemon TCG Singles, Graded Cards & Sealed Products</p> </div> <div style=""padding: 20px;""> <h3 style=""margin: 0 0 14px; color: #07142f; font-size: 21px;"">Koffing #114 Expedition Base Set Pokemon Card NM</h3> <table style=""width: 100%; border-collapse: collapse; margin-bottom: 18px;""> <tr><td style=""padding: 8px 0; border-bottom: 1px solid #eef2f7; font-weight: bold; width: 140px;"">Item</td><td style=""padding: 8px 0; border-bottom: 1px solid #eef2f7;"">Koffing #114 - Near Mint</td></tr> <tr><td style=""padding: 8px 0; border-bottom: 1px solid #eef2f7; font-weight: bold;"">Set</td><td style=""padding: 8px 0; border-bottom: 1px solid #eef2f7;"">Expedition Base Set</td></tr> <tr><td style=""padding: 8px 0; border-bottom: 1px solid #eef2f7; font-weight: bold;"">Condition</td><td style=""padding: 8px 0; border-bottom: 1px solid #eef2f7;"">Near Mint (NM) / eBay equivalent: Near Mint or Better</td></tr> </table> <p style=""margin: 0 0 12px;"">You will receive the exact item shown in the photos. All card images are scanned by us. Scans may occasionally show scanner lines, dust, glare, faint artifacts, or other details picked up by the scanner that may not be present on the card itself.</p> <p style=""margin: 0 0 12px;"">Raw card conditions are listed using the TCGplayer condition guide as a reference. eBay may display equivalent marketplace terminology such as Near Mint or Better, Excellent, Very Good, or Poor. Please review all photos before purchasing.</p> <p style=""margin: 0 0 12px;"">Cards are packaged securely and shipped with care. Combined shipping is available when possible.</p> <div style=""background: #f6f8fc; border: 1px solid #e1e8f5; border-radius: 12px; padding: 14px; margin-top: 16px;""> <p style=""margin: 0; font-weight: bold; color: #07142f;"">More from Chella Collectibles</p> <p style=""margin: 6px 0 0;"">We have more Pokemon TCG singles, graded cards, and sealed products available. Visit our website or eBay store for more inventory.</p> </div> </div> </div> </div>",FixedPrice,GTC,4.99,,,,,1,1,"New Jersey, United States",,,,,,3,,,ReturnsNotAccepted,,,,,Shipping-PWE,,,,,,,,,,,,,,,,,,,,,,,,,,,,,
Add,CHELLA-SINGLE-SINGLES-2946,183050,,Koffing #114 Expedition Base Set Pokemon Card HP,,,,,4000,,,,400013,Pokémon,Expedition Base Set,Nintendo,,,,,,,,,,Non-Sport Trading Card,,,,,,,,,,,,,,,,,,,,,,114,Koffing #114,No,,Heavily Played (HP) / eBay equivalent: Poor,,,,,https://chellacollectibles.com/images/singles_2946.jpg|https://chellacollectibles.com/images/singles_2947.jpg,Gallery,,"<div style=""font-family: Arial, Helvetica, sans-serif; color: #111827; line-height: 1.55; max-width: 760px;""> <div style=""border: 1px solid #d9e2f2; border-radius: 14px; overflow: hidden;""> <div style=""background: #07142f; color: #ffffff; padding: 18px 20px;""> <h2 style=""margin: 0; font-size: 24px; letter-spacing: -0.3px;"">Chella Collectibles</h2> <p style=""margin: 6px 0 0; color: #ffdf3c; font-weight: bold;"">Pokemon TCG Singles, Graded Cards & Sealed Products</p> </div> <div style=""padding: 20px;""> <h3 style=""margin: 0 0 14px; color: #07142f; font-size: 21px;"">Koffing #114 Expedition Base Set Pokemon Card HP</h3> <table style=""width: 100%; border-collapse: collapse; margin-bottom: 18px;""> <tr><td style=""padding: 8px 0; border-bottom: 1px solid #eef2f7; font-weight: bold; width: 140px;"">Item</td><td style=""padding: 8px 0; border-bottom: 1px solid #eef2f7;"">Koffing #114 - Heavily Played</td></tr> <tr><td style=""padding: 8px 0; border-bottom: 1px solid #eef2f7; font-weight: bold;"">Set</td><td style=""padding: 8px 0; border-bottom: 1px solid #eef2f7;"">Expedition Base Set</td></tr> <tr><td style=""padding: 8px 0; border-bottom: 1px solid #eef2f7; font-weight: bold;"">Condition</td><td style=""padding: 8px 0; border-bottom: 1px solid #eef2f7;"">Heavily Played (HP) / eBay equivalent: Poor</td></tr> </table> <p style=""margin: 0 0 12px;"">You will receive the exact item shown in the photos. All card images are scanned by us. Scans may occasionally show scanner lines, dust, glare, faint artifacts, or other details picked up by the scanner that may not be present on the card itself.</p> <p style=""margin: 0 0 12px;"">Raw card conditions are listed using the TCGplayer condition guide as a reference. eBay may display equivalent marketplace terminology such as Near Mint or Better, Excellent, Very Good, or Poor. Please review all photos before purchasing.</p> <p style=""margin: 0 0 12px;"">Cards are packaged securely and shipped with care. Combined shipping is available when possible.</p> <div style=""background: #f6f8fc; border: 1px solid #e1e8f5; border-radius: 12px; padding: 14px; margin-top: 16px;""> <p style=""margin: 0; font-weight: bold; color: #07142f;"">More from Chella Collectibles</p> <p style=""margin: 6px 0 0;"">We have more Pokemon TCG singles, graded cards, and sealed products available. Visit our website or eBay store for more inventory.</p> </div> </div> </div> </div>",FixedPrice,GTC,0.99,,,,,1,1,"New Jersey, United States",,,,,,3,,,ReturnsNotAccepted,,,,,Shipping-PWE,,,,,,,,,,,,,,,,,,,,,,,,,,,,,
Add,CHELLA-SINGLE-SINGLES-2958,183050,,Legends Mew Holofoil #1 Mewtwo Strikes Back Topps Pokemon Card LP,,,,,4000,,,,400011,Pokémon,Topps,Nintendo,,,,,,,,,,Non-Sport Trading Card,,,,,,,,,,,,,,,,,,,,,,1,Legends Mew Holofoil #1 Mewtwo Strikes Back,No,,Lightly Played (LP) / eBay equivalent: Excellent,,,,,https://chellacollectibles.com/images/singles_2958.jpg|https://chellacollectibles.com/images/singles_2959.jpg,Gallery,,"<div style=""font-family: Arial, Helvetica, sans-serif; color: #111827; line-height: 1.55; max-width: 760px;""> <div style=""border: 1px solid #d9e2f2; border-radius: 14px; overflow: hidden;""> <div style=""background: #07142f; color: #ffffff; padding: 18px 20px;""> <h2 style=""margin: 0; font-size: 24px; letter-spacing: -0.3px;"">Chella Collectibles</h2> <p style=""margin: 6px 0 0; color: #ffdf3c; font-weight: bold;"">Pokemon TCG Singles, Graded Cards & Sealed Products</p> </div> <div style=""padding: 20px;""> <h3 style=""margin: 0 0 14px; color: #07142f; font-size: 21px;"">Legends Mew Holofoil #1 Mewtwo Strikes Back Topps Pokemon Card LP</h3> <table style=""width: 100%; border-collapse: collapse; margin-bottom: 18px;""> <tr><td style=""padding: 8px 0; border-bottom: 1px solid #eef2f7; font-weight: bold; width: 140px;"">Item</td><td style=""padding: 8px 0; border-bottom: 1px solid #eef2f7;"">Legends Mew - Holofoil #1 - Mewtwo Strikes Back - Lightly Played</td></tr> <tr><td style=""padding: 8px 0; border-bottom: 1px solid #eef2f7; font-weight: bold;"">Set</td><td style=""padding: 8px 0; border-bottom: 1px solid #eef2f7;"">Topps</td></tr> <tr><td style=""padding: 8px 0; border-bottom: 1px solid #eef2f7; font-weight: bold;"">Condition</td><td style=""padding: 8px 0; border-bottom: 1px solid #eef2f7;"">Lightly Played (LP) / eBay equivalent: Excellent</td></tr> </table> <p style=""margin: 0 0 12px;"">You will receive the exact item shown in the photos. All card images are scanned by us. Scans may occasionally show scanner lines, dust, glare, faint artifacts, or other details picked up by the scanner that may not be present on the card itself.</p> <p style=""margin: 0 0 12px;"">Raw card conditions are listed using the TCGplayer condition guide as a reference. eBay may display equivalent marketplace terminology such as Near Mint or Better, Excellent, Very Good, or Poor. Please review all photos before purchasing.</p> <p style=""margin: 0 0 12px;"">Cards are packaged securely and shipped with care. Combined shipping is available when possible.</p> <div style=""background: #f6f8fc; border: 1px solid #e1e8f5; border-radius: 12px; padding: 14px; margin-top: 16px;""> <p style=""margin: 0; font-weight: bold; color: #07142f;"">More from Chella Collectibles</p> <p style=""margin: 6px 0 0;"">We have more Pokemon TCG singles, graded cards, and sealed products available. Visit our website or eBay store for more inventory.</p> </div> </div> </div> </div>",FixedPrice,GTC,19.99,,,,,1,1,"New Jersey, United States",,,,,,3,,,ReturnsNotAccepted,,,,,Shipping-PWE,,,,,,,,,,,,,,,,,,,,,,,,,,,,,
Add,CHELLA-SINGLE-SINGLES-2964,183050,,Venusaur #03 Topps Foil Pokemon Card MP,,,,,4000,,,,400012,Pokémon,Topps Foil,Nintendo,,,,,,,,,,Non-Sport Trading Card,,,,,,,,,,,,,,,,,,,,,,03,Venusaur #03,No,,Moderately Played (MP) / eBay equivalent: Very Good,,,,,https://chellacollectibles.com/images/singles_2964.jpg|https://chellacollectibles.com/images/singles_2965.jpg,Gallery,,"<div style=""font-family: Arial, Helvetica, sans-serif; color: #111827; line-height: 1.55; max-width: 760px;""> <div style=""border: 1px solid #d9e2f2; border-radius: 14px; overflow: hidden;""> <div style=""background: #07142f; color: #ffffff; padding: 18px 20px;""> <h2 style=""margin: 0; font-size: 24px; letter-spacing: -0.3px;"">Chella Collectibles</h2> <p style=""margin: 6px 0 0; color: #ffdf3c; font-weight: bold;"">Pokemon TCG Singles, Graded Cards & Sealed Products</p> </div> <div style=""padding: 20px;""> <h3 style=""margin: 0 0 14px; color: #07142f; font-size: 21px;"">Venusaur #03 Topps Foil Pokemon Card MP</h3> <table style=""width: 100%; border-collapse: collapse; margin-bottom: 18px;""> <tr><td style=""padding: 8px 0; border-bottom: 1px solid #eef2f7; font-weight: bold; width: 140px;"">Item</td><td style=""padding: 8px 0; border-bottom: 1px solid #eef2f7;"">Venusaur #03 - Moderately Played</td></tr> <tr><td style=""padding: 8px 0; border-bottom: 1px solid #eef2f7; font-weight: bold;"">Set</td><td style=""padding: 8px 0; border-bottom: 1px solid #eef2f7;"">Topps Foil</td></tr> <tr><td style=""padding: 8px 0; border-bottom: 1px solid #eef2f7; font-weight: bold;"">Condition</td><td style=""padding: 8px 0; border-bottom: 1px solid #eef2f7;"">Moderately Played (MP) / eBay equivalent: Very Good</td></tr> </table> <p style=""margin: 0 0 12px;"">You will receive the exact item shown in the photos. All card images are scanned by us. Scans may occasionally show scanner lines, dust, glare, faint artifacts, or other details picked up by the scanner that may not be present on the card itself.</p> <p style=""margin: 0 0 12px;"">Raw card conditions are listed using the TCGplayer condition guide as a reference. eBay may display equivalent marketplace terminology such as Near Mint or Better, Excellent, Very Good, or Poor. Please review all photos before purchasing.</p> <p style=""margin: 0 0 12px;"">Cards are packaged securely and shipped with care. Combined shipping is available when possible.</p> <div style=""background: #f6f8fc; border: 1px solid #e1e8f5; border-radius: 12px; padding: 14px; margin-top: 16px;""> <p style=""margin: 0; font-weight: bold; color: #07142f;"">More from Chella Collectibles</p> <p style=""margin: 6px 0 0;"">We have more Pokemon TCG singles, graded cards, and sealed products available. Visit our website or eBay store for more inventory.</p> </div> </div> </div> </div>",FixedPrice,GTC,9.99,,,,,1,1,"New Jersey, United States",,,,,,3,,,ReturnsNotAccepted,,,,,Shipping-PWE,,,,,,,,,,,,,,,,,,,,,,,,,,,,,
Add,CHELLA-SINGLE-SINGLES-2966,183050,,Ditto #132 Rainbow Topps Foil Pokemon Card LP,,,,,4000,,,,400011,Pokémon,Topps Foil,Nintendo,,,,,,,,,,Non-Sport Trading Card,,,,,,,,,,,,,,,,,,,,,,132,Ditto #132 Rainbow,No,,Lightly Played (LP) / eBay equivalent: Excellent,,,,,https://chellacollectibles.com/images/singles_2966.jpg|https://chellacollectibles.com/images/singles_2967.jpg,Gallery,,"<div style=""font-family: Arial, Helvetica, sans-serif; color: #111827; line-height: 1.55; max-width: 760px;""> <div style=""border: 1px solid #d9e2f2; border-radius: 14px; overflow: hidden;""> <div style=""background: #07142f; color: #ffffff; padding: 18px 20px;""> <h2 style=""margin: 0; font-size: 24px; letter-spacing: -0.3px;"">Chella Collectibles</h2> <p style=""margin: 6px 0 0; color: #ffdf3c; font-weight: bold;"">Pokemon TCG Singles, Graded Cards & Sealed Products</p> </div> <div style=""padding: 20px;""> <h3 style=""margin: 0 0 14px; color: #07142f; font-size: 21px;"">Ditto #132 Rainbow Topps Foil Pokemon Card LP</h3> <table style=""width: 100%; border-collapse: collapse; margin-bottom: 18px;""> <tr><td style=""padding: 8px 0; border-bottom: 1px solid #eef2f7; font-weight: bold; width: 140px;"">Item</td><td style=""padding: 8px 0; border-bottom: 1px solid #eef2f7;"">Ditto #132 - Rainbow - Lightly Played</td></tr> <tr><td style=""padding: 8px 0; border-bottom: 1px solid #eef2f7; font-weight: bold;"">Set</td><td style=""padding: 8px 0; border-bottom: 1px solid #eef2f7;"">Topps Foil</td></tr> <tr><td style=""padding: 8px 0; border-bottom: 1px solid #eef2f7; font-weight: bold;"">Condition</td><td style=""padding: 8px 0; border-bottom: 1px solid #eef2f7;"">Lightly Played (LP) / eBay equivalent: Excellent</td></tr> </table> <p style=""margin: 0 0 12px;"">You will receive the exact item shown in the photos. All card images are scanned by us. Scans may occasionally show scanner lines, dust, glare, faint artifacts, or other details picked up by the scanner that may not be present on the card itself.</p> <p style=""margin: 0 0 12px;"">Raw card conditions are listed using the TCGplayer condition guide as a reference. eBay may display equivalent marketplace terminology such as Near Mint or Better, Excellent, Very Good, or Poor. Please review all photos before purchasing.</p> <p style=""margin: 0 0 12px;"">Cards are packaged securely and shipped with care. Combined shipping is available when possible.</p> <div style=""background: #f6f8fc; border: 1px solid #e1e8f5; border-radius: 12px; padding: 14px; margin-top: 16px;""> <p style=""margin: 0; font-weight: bold; color: #07142f;"">More from Chella Collectibles</p> <p style=""margin: 6px 0 0;"">We have more Pokemon TCG singles, graded cards, and sealed products available. Visit our website or eBay store for more inventory.</p> </div> </div> </div> </div>",FixedPrice,GTC,199.99,,,,,1,1,"New Jersey, United States",,,,,,3,,,ReturnsNotAccepted,,,,,Shipping-Normal,,,,,,,,,,,,,,,,,,,,,,,,,,,,,
Add,CHELLA-SINGLE-SINGLES-2968,183050,,Charizard #06 Topps Pokemon Card LP,,,,,4000,,,,400011,Pokémon,Topps,Nintendo,,,,,,,,,,Non-Sport Trading Card,,,,,,,,,,,,,,,,,,,,,,06,Charizard #06,No,,Lightly Played (LP) / eBay equivalent: Excellent,,,,,https://chellacollectibles.com/images/singles_2968.jpg|https://chellacollectibles.com/images/singles_2969.jpg,Gallery,,"<div style=""font-family: Arial, Helvetica, sans-serif; color: #111827; line-height: 1.55; max-width: 760px;""> <div style=""border: 1px solid #d9e2f2; border-radius: 14px; overflow: hidden;""> <div style=""background: #07142f; color: #ffffff; padding: 18px 20px;""> <h2 style=""margin: 0; font-size: 24px; letter-spacing: -0.3px;"">Chella Collectibles</h2> <p style=""margin: 6px 0 0; color: #ffdf3c; font-weight: bold;"">Pokemon TCG Singles, Graded Cards & Sealed Products</p> </div> <div style=""padding: 20px;""> <h3 style=""margin: 0 0 14px; color: #07142f; font-size: 21px;"">Charizard #06 Topps Pokemon Card LP</h3> <table style=""width: 100%; border-collapse: collapse; margin-bottom: 18px;""> <tr><td style=""padding: 8px 0; border-bottom: 1px solid #eef2f7; font-weight: bold; width: 140px;"">Item</td><td style=""padding: 8px 0; border-bottom: 1px solid #eef2f7;"">Charizard #06 - Lightly Played</td></tr> <tr><td style=""padding: 8px 0; border-bottom: 1px solid #eef2f7; font-weight: bold;"">Set</td><td style=""padding: 8px 0; border-bottom: 1px solid #eef2f7;"">Topps</td></tr> <tr><td style=""padding: 8px 0; border-bottom: 1px solid #eef2f7; font-weight: bold;"">Condition</td><td style=""padding: 8px 0; border-bottom: 1px solid #eef2f7;"">Lightly Played (LP) / eBay equivalent: Excellent</td></tr> </table> <p style=""margin: 0 0 12px;"">You will receive the exact item shown in the photos. All card images are scanned by us. Scans may occasionally show scanner lines, dust, glare, faint artifacts, or other details picked up by the scanner that may not be present on the card itself.</p> <p style=""margin: 0 0 12px;"">Raw card conditions are listed using the TCGplayer condition guide as a reference. eBay may display equivalent marketplace terminology such as Near Mint or Better, Excellent, Very Good, or Poor. Please review all photos before purchasing.</p> <p style=""margin: 0 0 12px;"">Cards are packaged securely and shipped with care. Combined shipping is available when possible.</p> <div style=""background: #f6f8fc; border: 1px solid #e1e8f5; border-radius: 12px; padding: 14px; margin-top: 16px;""> <p style=""margin: 0; font-weight: bold; color: #07142f;"">More from Chella Collectibles</p> <p style=""margin: 6px 0 0;"">We have more Pokemon TCG singles, graded cards, and sealed products available. Visit our website or eBay store for more inventory.</p> </div> </div> </div> </div>",FixedPrice,GTC,19.99,,,,,1,1,"New Jersey, United States",,,,,,3,,,ReturnsNotAccepted,,,,,Shipping-PWE,,,,,,,,,,,,,,,,,,,,,,,,,,,,,
Add,CHELLA-SINGLE-SINGLES-2970,183050,,Charizard #06 Topps Pokemon Card NM,,,,,4000,,,,400010,Pokémon,Topps,Nintendo,,,,,,,,,,Non-Sport Trading Card,,,,,,,,,,,,,,,,,,,,,,06,Charizard #06,No,,Near Mint (NM) / eBay equivalent: Near Mint or Better,,,,,https://chellacollectibles.com/images/singles_2970.jpg|https://chellacollectibles.com/images/singles_2971.jpg,Gallery,,"<div style=""font-family: Arial, Helvetica, sans-serif; color: #111827; line-height: 1.55; max-width: 760px;""> <div style=""border: 1px solid #d9e2f2; border-radius: 14px; overflow: hidden;""> <div style=""background: #07142f; color: #ffffff; padding: 18px 20px;""> <h2 style=""margin: 0; font-size: 24px; letter-spacing: -0.3px;"">Chella Collectibles</h2> <p style=""margin: 6px 0 0; color: #ffdf3c; font-weight: bold;"">Pokemon TCG Singles, Graded Cards & Sealed Products</p> </div> <div style=""padding: 20px;""> <h3 style=""margin: 0 0 14px; color: #07142f; font-size: 21px;"">Charizard #06 Topps Pokemon Card NM</h3> <table style=""width: 100%; border-collapse: collapse; margin-bottom: 18px;""> <tr><td style=""padding: 8px 0; border-bottom: 1px solid #eef2f7; font-weight: bold; width: 140px;"">Item</td><td style=""padding: 8px 0; border-bottom: 1px solid #eef2f7;"">Charizard #06 - Near Mint</td></tr> <tr><td style=""padding: 8px 0; border-bottom: 1px solid #eef2f7; font-weight: bold;"">Set</td><td style=""padding: 8px 0; border-bottom: 1px solid #eef2f7;"">Topps</td></tr> <tr><td style=""padding: 8px 0; border-bottom: 1px solid #eef2f7; font-weight: bold;"">Condition</td><td style=""padding: 8px 0; border-bottom: 1px solid #eef2f7;"">Near Mint (NM) / eBay equivalent: Near Mint or Better</td></tr> </table> <p style=""margin: 0 0 12px;"">You will receive the exact item shown in the photos. All card images are scanned by us. Scans may occasionally show scanner lines, dust, glare, faint artifacts, or other details picked up by the scanner that may not be present on the card itself.</p> <p style=""margin: 0 0 12px;"">Raw card conditions are listed using the TCGplayer condition guide as a reference. eBay may display equivalent marketplace terminology such as Near Mint or Better, Excellent, Very Good, or Poor. Please review all photos before purchasing.</p> <p style=""margin: 0 0 12px;"">Cards are packaged securely and shipped with care. Combined shipping is available when possible.</p> <div style=""background: #f6f8fc; border: 1px solid #e1e8f5; border-radius: 12px; padding: 14px; margin-top: 16px;""> <p style=""margin: 0; font-weight: bold; color: #07142f;"">More from Chella Collectibles</p> <p style=""margin: 6px 0 0;"">We have more Pokemon TCG singles, graded cards, and sealed products available. Visit our website or eBay store for more inventory.</p> </div> </div> </div> </div>",FixedPrice,GTC,24.99,,,,,1,1,"New Jersey, United States",,,,,,3,,,ReturnsNotAccepted,,,,,Shipping-Normal,,,,,,,,,,,,,,,,,,,,,,,,,,,,,
Add,CHELLA-SINGLE-SINGLES-2972,183050,,Charizard #06 Topps Pokemon Card HP,,,,,4000,,,,400013,Pokémon,Topps,Nintendo,,,,,,,,,,Non-Sport Trading Card,,,,,,,,,,,,,,,,,,,,,,06,Charizard #06,No,,Heavily Played (HP) / eBay equivalent: Poor,,,,,https://chellacollectibles.com/images/singles_2972.jpg|https://chellacollectibles.com/images/singles_2973.jpg,Gallery,,"<div style=""font-family: Arial, Helvetica, sans-serif; color: #111827; line-height: 1.55; max-width: 760px;""> <div style=""border: 1px solid #d9e2f2; border-radius: 14px; overflow: hidden;""> <div style=""background: #07142f; color: #ffffff; padding: 18px 20px;""> <h2 style=""margin: 0; font-size: 24px; letter-spacing: -0.3px;"">Chella Collectibles</h2> <p style=""margin: 6px 0 0; color: #ffdf3c; font-weight: bold;"">Pokemon TCG Singles, Graded Cards & Sealed Products</p> </div> <div style=""padding: 20px;""> <h3 style=""margin: 0 0 14px; color: #07142f; font-size: 21px;"">Charizard #06 Topps Pokemon Card HP</h3> <table style=""width: 100%; border-collapse: collapse; margin-bottom: 18px;""> <tr><td style=""padding: 8px 0; border-bottom: 1px solid #eef2f7; font-weight: bold; width: 140px;"">Item</td><td style=""padding: 8px 0; border-bottom: 1px solid #eef2f7;"">Charizard #06 - Heavily Played</td></tr> <tr><td style=""padding: 8px 0; border-bottom: 1px solid #eef2f7; font-weight: bold;"">Set</td><td style=""padding: 8px 0; border-bottom: 1px solid #eef2f7;"">Topps</td></tr> <tr><td style=""padding: 8px 0; border-bottom: 1px solid #eef2f7; font-weight: bold;"">Condition</td><td style=""padding: 8px 0; border-bottom: 1px solid #eef2f7;"">Heavily Played (HP) / eBay equivalent: Poor</td></tr> </table> <p style=""margin: 0 0 12px;"">You will receive the exact item shown in the photos. All card images are scanned by us. Scans may occasionally show scanner lines, dust, glare, faint artifacts, or other details picked up by the scanner that may not be present on the card itself.</p> <p style=""margin: 0 0 12px;"">Raw card conditions are listed using the TCGplayer condition guide as a reference. eBay may display equivalent marketplace terminology such as Near Mint or Better, Excellent, Very Good, or Poor. Please review all photos before purchasing.</p> <p style=""margin: 0 0 12px;"">Cards are packaged securely and shipped with care. Combined shipping is available when possible.</p> <div style=""background: #f6f8fc; border: 1px solid #e1e8f5; border-radius: 12px; padding: 14px; margin-top: 16px;""> <p style=""margin: 0; font-weight: bold; color: #07142f;"">More from Chella Collectibles</p> <p style=""margin: 6px 0 0;"">We have more Pokemon TCG singles, graded cards, and sealed products available. Visit our website or eBay store for more inventory.</p> </div> </div> </div> </div>",FixedPrice,GTC,9.99,,,,,1,1,"New Jersey, United States",,,,,,3,,,ReturnsNotAccepted,,,,,Shipping-PWE,,,,,,,,,,,,,,,,,,,,,,,,,,,,,
Add,CHELLA-SINGLE-SINGLES-2974,183050,,Charizard #06 Topps Pokemon Card LP,,,,,4000,,,,400011,Pokémon,Topps,Nintendo,,,,,,,,,,Non-Sport Trading Card,,,,,,,,,,,,,,,,,,,,,,06,Charizard #06,No,,Lightly Played (LP) / eBay equivalent: Excellent,,,,,https://chellacollectibles.com/images/singles_2974.jpg|https://chellacollectibles.com/images/singles_2975.jpg,Gallery,,"<div style=""font-family: Arial, Helvetica, sans-serif; color: #111827; line-height: 1.55; max-width: 760px;""> <div style=""border: 1px solid #d9e2f2; border-radius: 14px; overflow: hidden;""> <div style=""background: #07142f; color: #ffffff; padding: 18px 20px;""> <h2 style=""margin: 0; font-size: 24px; letter-spacing: -0.3px;"">Chella Collectibles</h2> <p style=""margin: 6px 0 0; color: #ffdf3c; font-weight: bold;"">Pokemon TCG Singles, Graded Cards & Sealed Products</p> </div> <div style=""padding: 20px;""> <h3 style=""margin: 0 0 14px; color: #07142f; font-size: 21px;"">Charizard #06 Topps Pokemon Card LP</h3> <table style=""width: 100%; border-collapse: collapse; margin-bottom: 18px;""> <tr><td style=""padding: 8px 0; border-bottom: 1px solid #eef2f7; font-weight: bold; width: 140px;"">Item</td><td style=""padding: 8px 0; border-bottom: 1px solid #eef2f7;"">Charizard #06 - Lightly Played</td></tr> <tr><td style=""padding: 8px 0; border-bottom: 1px solid #eef2f7; font-weight: bold;"">Set</td><td style=""padding: 8px 0; border-bottom: 1px solid #eef2f7;"">Topps</td></tr> <tr><td style=""padding: 8px 0; border-bottom: 1px solid #eef2f7; font-weight: bold;"">Condition</td><td style=""padding: 8px 0; border-bottom: 1px solid #eef2f7;"">Lightly Played (LP) / eBay equivalent: Excellent</td></tr> </table> <p style=""margin: 0 0 12px;"">You will receive the exact item shown in the photos. All card images are scanned by us. Scans may occasionally show scanner lines, dust, glare, faint artifacts, or other details picked up by the scanner that may not be present on the card itself.</p> <p style=""margin: 0 0 12px;"">Raw card conditions are listed using the TCGplayer condition guide as a reference. eBay may display equivalent marketplace terminology such as Near Mint or Better, Excellent, Very Good, or Poor. Please review all photos before purchasing.</p> <p style=""margin: 0 0 12px;"">Cards are packaged securely and shipped with care. Combined shipping is available when possible.</p> <div style=""background: #f6f8fc; border: 1px solid #e1e8f5; border-radius: 12px; padding: 14px; margin-top: 16px;""> <p style=""margin: 0; font-weight: bold; color: #07142f;"">More from Chella Collectibles</p> <p style=""margin: 6px 0 0;"">We have more Pokemon TCG singles, graded cards, and sealed products available. Visit our website or eBay store for more inventory.</p> </div> </div> </div> </div>",FixedPrice,GTC,19.99,,,,,1,1,"New Jersey, United States",,,,,,3,,,ReturnsNotAccepted,,,,,Shipping-PWE,,,,,,,,,,,,,,,,,,,,,,,,,,,,,
Add,CHELLA-SINGLE-SINGLES-2976,183050,,Charizard #06 Topps Pokemon Card HP,,,,,4000,,,,400013,Pokémon,Topps,Nintendo,,,,,,,,,,Non-Sport Trading Card,,,,,,,,,,,,,,,,,,,,,,06,Charizard #06,No,,Heavily Played (HP) / eBay equivalent: Poor,,,,,https://chellacollectibles.com/images/singles_2976.jpg|https://chellacollectibles.com/images/singles_2977.jpg,Gallery,,"<div style=""font-family: Arial, Helvetica, sans-serif; color: #111827; line-height: 1.55; max-width: 760px;""> <div style=""border: 1px solid #d9e2f2; border-radius: 14px; overflow: hidden;""> <div style=""background: #07142f; color: #ffffff; padding: 18px 20px;""> <h2 style=""margin: 0; font-size: 24px; letter-spacing: -0.3px;"">Chella Collectibles</h2> <p style=""margin: 6px 0 0; color: #ffdf3c; font-weight: bold;"">Pokemon TCG Singles, Graded Cards & Sealed Products</p> </div> <div style=""padding: 20px;""> <h3 style=""margin: 0 0 14px; color: #07142f; font-size: 21px;"">Charizard #06 Topps Pokemon Card HP</h3> <table style=""width: 100%; border-collapse: collapse; margin-bottom: 18px;""> <tr><td style=""padding: 8px 0; border-bottom: 1px solid #eef2f7; font-weight: bold; width: 140px;"">Item</td><td style=""padding: 8px 0; border-bottom: 1px solid #eef2f7;"">Charizard #06 - Heavily Played</td></tr> <tr><td style=""padding: 8px 0; border-bottom: 1px solid #eef2f7; font-weight: bold;"">Set</td><td style=""padding: 8px 0; border-bottom: 1px solid #eef2f7;"">Topps</td></tr> <tr><td style=""padding: 8px 0; border-bottom: 1px solid #eef2f7; font-weight: bold;"">Condition</td><td style=""padding: 8px 0; border-bottom: 1px solid #eef2f7;"">Heavily Played (HP) / eBay equivalent: Poor</td></tr> </table> <p style=""margin: 0 0 12px;"">You will receive the exact item shown in the photos. All card images are scanned by us. Scans may occasionally show scanner lines, dust, glare, faint artifacts, or other details picked up by the scanner that may not be present on the card itself.</p> <p style=""margin: 0 0 12px;"">Raw card conditions are listed using the TCGplayer condition guide as a reference. eBay may display equivalent marketplace terminology such as Near Mint or Better, Excellent, Very Good, or Poor. Please review all photos before purchasing.</p> <p style=""margin: 0 0 12px;"">Cards are packaged securely and shipped with care. Combined shipping is available when possible.</p> <div style=""background: #f6f8fc; border: 1px solid #e1e8f5; border-radius: 12px; padding: 14px; margin-top: 16px;""> <p style=""margin: 0; font-weight: bold; color: #07142f;"">More from Chella Collectibles</p> <p style=""margin: 6px 0 0;"">We have more Pokemon TCG singles, graded cards, and sealed products available. Visit our website or eBay store for more inventory.</p> </div> </div> </div> </div>",FixedPrice,GTC,9.99,,,,,1,1,"New Jersey, United States",,,,,,3,,,ReturnsNotAccepted,,,,,Shipping-PWE,,,,,,,,,,,,,,,,,,,,,,,,,,,,,
Add,CHELLA-SINGLE-SINGLES-2978,183050,,Blastoise #09 Topps Pokemon Card NM,,,,,4000,,,,400010,Pokémon,Topps,Nintendo,,,,,,,,,,Non-Sport Trading Card,,,,,,,,,,,,,,,,,,,,,,09,Blastoise #09,No,,Near Mint (NM) / eBay equivalent: Near Mint or Better,,,,,https://chellacollectibles.com/images/singles_2978.jpg|https://chellacollectibles.com/images/singles_2979.jpg,Gallery,,"<div style=""font-family: Arial, Helvetica, sans-serif; color: #111827; line-height: 1.55; max-width: 760px;""> <div style=""border: 1px solid #d9e2f2; border-radius: 14px; overflow: hidden;""> <div style=""background: #07142f; color: #ffffff; padding: 18px 20px;""> <h2 style=""margin: 0; font-size: 24px; letter-spacing: -0.3px;"">Chella Collectibles</h2> <p style=""margin: 6px 0 0; color: #ffdf3c; font-weight: bold;"">Pokemon TCG Singles, Graded Cards & Sealed Products</p> </div> <div style=""padding: 20px;""> <h3 style=""margin: 0 0 14px; color: #07142f; font-size: 21px;"">Blastoise #09 Topps Pokemon Card NM</h3> <table style=""width: 100%; border-collapse: collapse; margin-bottom: 18px;""> <tr><td style=""padding: 8px 0; border-bottom: 1px solid #eef2f7; font-weight: bold; width: 140px;"">Item</td><td style=""padding: 8px 0; border-bottom: 1px solid #eef2f7;"">Blastoise #09 - Near Mint</td></tr> <tr><td style=""padding: 8px 0; border-bottom: 1px solid #eef2f7; font-weight: bold;"">Set</td><td style=""padding: 8px 0; border-bottom: 1px solid #eef2f7;"">Topps</td></tr> <tr><td style=""padding: 8px 0; border-bottom: 1px solid #eef2f7; font-weight: bold;"">Condition</td><td style=""padding: 8px 0; border-bottom: 1px solid #eef2f7;"">Near Mint (NM) / eBay equivalent: Near Mint or Better</td></tr> </table> <p style=""margin: 0 0 12px;"">You will receive the exact item shown in the photos. All card images are scanned by us. Scans may occasionally show scanner lines, dust, glare, faint artifacts, or other details picked up by the scanner that may not be present on the card itself.</p> <p style=""margin: 0 0 12px;"">Raw card conditions are listed using the TCGplayer condition guide as a reference. eBay may display equivalent marketplace terminology such as Near Mint or Better, Excellent, Very Good, or Poor. Please review all photos before purchasing.</p> <p style=""margin: 0 0 12px;"">Cards are packaged securely and shipped with care. Combined shipping is available when possible.</p> <div style=""background: #f6f8fc; border: 1px solid #e1e8f5; border-radius: 12px; padding: 14px; margin-top: 16px;""> <p style=""margin: 0; font-weight: bold; color: #07142f;"">More from Chella Collectibles</p> <p style=""margin: 6px 0 0;"">We have more Pokemon TCG singles, graded cards, and sealed products available. Visit our website or eBay store for more inventory.</p> </div> </div> </div> </div>",FixedPrice,GTC,19.99,,,,,1,1,"New Jersey, United States",,,,,,3,,,ReturnsNotAccepted,,,,,Shipping-PWE,,,,,,,,,,,,,,,,,,,,,,,,,,,,,
Add,CHELLA-SINGLE-SINGLES-2980,183050,,Blastoise #09 Topps Pokemon Card NM,,,,,4000,,,,400010,Pokémon,Topps,Nintendo,,,,,,,,,,Non-Sport Trading Card,,,,,,,,,,,,,,,,,,,,,,09,Blastoise #09,No,,Near Mint (NM) / eBay equivalent: Near Mint or Better,,,,,https://chellacollectibles.com/images/singles_2980.jpg|https://chellacollectibles.com/images/singles_2981.jpg,Gallery,,"<div style=""font-family: Arial, Helvetica, sans-serif; color: #111827; line-height: 1.55; max-width: 760px;""> <div style=""border: 1px solid #d9e2f2; border-radius: 14px; overflow: hidden;""> <div style=""background: #07142f; color: #ffffff; padding: 18px 20px;""> <h2 style=""margin: 0; font-size: 24px; letter-spacing: -0.3px;"">Chella Collectibles</h2> <p style=""margin: 6px 0 0; color: #ffdf3c; font-weight: bold;"">Pokemon TCG Singles, Graded Cards & Sealed Products</p> </div> <div style=""padding: 20px;""> <h3 style=""margin: 0 0 14px; color: #07142f; font-size: 21px;"">Blastoise #09 Topps Pokemon Card NM</h3> <table style=""width: 100%; border-collapse: collapse; margin-bottom: 18px;""> <tr><td style=""padding: 8px 0; border-bottom: 1px solid #eef2f7; font-weight: bold; width: 140px;"">Item</td><td style=""padding: 8px 0; border-bottom: 1px solid #eef2f7;"">Blastoise #09 - Near Mint</td></tr> <tr><td style=""padding: 8px 0; border-bottom: 1px solid #eef2f7; font-weight: bold;"">Set</td><td style=""padding: 8px 0; border-bottom: 1px solid #eef2f7;"">Topps</td></tr> <tr><td style=""padding: 8px 0; border-bottom: 1px solid #eef2f7; font-weight: bold;"">Condition</td><td style=""padding: 8px 0; border-bottom: 1px solid #eef2f7;"">Near Mint (NM) / eBay equivalent: Near Mint or Better</td></tr> </table> <p style=""margin: 0 0 12px;"">You will receive the exact item shown in the photos. All card images are scanned by us. Scans may occasionally show scanner lines, dust, glare, faint artifacts, or other details picked up by the scanner that may not be present on the card itself.</p> <p style=""margin: 0 0 12px;"">Raw card conditions are listed using the TCGplayer condition guide as a reference. eBay may display equivalent marketplace terminology such as Near Mint or Better, Excellent, Very Good, or Poor. Please review all photos before purchasing.</p> <p style=""margin: 0 0 12px;"">Cards are packaged securely and shipped with care. Combined shipping is available when possible.</p> <div style=""background: #f6f8fc; border: 1px solid #e1e8f5; border-radius: 12px; padding: 14px; margin-top: 16px;""> <p style=""margin: 0; font-weight: bold; color: #07142f;"">More from Chella Collectibles</p> <p style=""margin: 6px 0 0;"">We have more Pokemon TCG singles, graded cards, and sealed products available. Visit our website or eBay store for more inventory.</p> </div> </div> </div> </div>",FixedPrice,GTC,19.99,,,,,1,1,"New Jersey, United States",,,,,,3,,,ReturnsNotAccepted,,,,,Shipping-PWE,,,,,,,,,,,,,,,,,,,,,,,,,,,,,
